{
  "overall_metrics_summary": [
    {
      "dataset": "weibo",
      "n_seeds": 3,
      "macro_f1_mean": 0.941518840345947,
      "macro_f1_std": 0.003429257141113846,
      "accuracy_mean": 0.941524459613197,
      "accuracy_std": 0.0034356470695202468,
      "auc_mean": 0.9865523391616481,
      "auc_std": 0.001059609823545053,
      "error_rate_mean": 0.058475540386803186,
      "error_rate_std": 0.0034356470695202485,
      "high_conf_error_rate_mean": 0.01956769055745165,
      "high_conf_error_rate_std": 0.004794381685029687,
      "mean_confidence_mean": 0.9620570470496884,
      "mean_confidence_std": 0.007131074449444185,
      "n_total_across_seeds": 4395
    },
    {
      "dataset": "weibo21",
      "n_seeds": 3,
      "macro_f1_mean": 0.9474178666443196,
      "macro_f1_std": 0.0073342984698454745,
      "accuracy_mean": 0.9474254742547426,
      "accuracy_std": 0.007332113419224226,
      "auc_mean": 0.9878653269874845,
      "auc_std": 0.0014003002507799432,
      "error_rate_mean": 0.05257452574525745,
      "error_rate_std": 0.007332113419224218,
      "high_conf_error_rate_mean": 0.023306233062330622,
      "high_conf_error_rate_std": 0.000938780925511586,
      "mean_confidence_mean": 0.9674264080751214,
      "mean_confidence_std": 0.0034163870014019193,
      "n_total_across_seeds": 1845
    }
  ],
  "reliability_summary": [
    {
      "dataset": "weibo",
      "n_seeds": 3,
      "ece_mean": 0.02107961381737125,
      "ece_std": 0.008503885767911818,
      "brier_mean": 0.04399976394128293,
      "brier_std": 0.003391204945185894,
      "error_rate_mean": 0.058475540386803186,
      "error_rate_std": 0.0034356470695202485,
      "high_conf_error_rate_mean": 0.01956769055745165,
      "high_conf_error_rate_std": 0.004794381685029687,
      "near_threshold_rate_mean": 0.019340159271899887,
      "near_threshold_rate_std": 0.0017178235347601245,
      "mean_confidence_mean": 0.9620570470496884,
      "mean_confidence_std": 0.007131074449444185,
      "n_total_across_seeds": 4395
    },
    {
      "dataset": "weibo21",
      "n_seeds": 3,
      "ece_mean": 0.025496299313398658,
      "ece_std": 0.006560078026233712,
      "brier_mean": 0.041818209493438264,
      "brier_std": 0.0054200565177920535,
      "error_rate_mean": 0.05257452574525745,
      "error_rate_std": 0.007332113419224218,
      "high_conf_error_rate_mean": 0.023306233062330622,
      "high_conf_error_rate_std": 0.000938780925511586,
      "near_threshold_rate_mean": 0.018428184281842817,
      "near_threshold_rate_std": 0.006571466478581106,
      "mean_confidence_mean": 0.9674264080751214,
      "mean_confidence_std": 0.0034163870014019193,
      "n_total_across_seeds": 1845
    }
  ],
  "high_confidence_error_counts": [
    {
      "dataset_key": "weibo",
      "seed": 42,
      "count": 22
    },
    {
      "dataset_key": "weibo",
      "seed": 2024,
      "count": 36
    },
    {
      "dataset_key": "weibo",
      "seed": 2026,
      "count": 28
    },
    {
      "dataset_key": "weibo21",
      "seed": 42,
      "count": 14
    },
    {
      "dataset_key": "weibo21",
      "seed": 2024,
      "count": 14
    },
    {
      "dataset_key": "weibo21",
      "seed": 2026,
      "count": 15
    }
  ],
  "selected_lambda_selector_summary": [
    {
      "dataset": "weibo",
      "split": "test",
      "selected_lambda": 0.0,
      "selection_rule": "no_lambda_improved_val_selector_behavior",
      "val_full_conflict_error_auc": 0.7463373258623349,
      "high_low_jaccard_change_gap": 0.0,
      "mean_repeated_eval_selection_entropy": 1.6693356821832668,
      "mean_pad_top1_top2_margin": 16.795335292707666,
      "offline_selected_weak_domain_neighbor_rate": 0.1639362912400455
    },
    {
      "dataset": "weibo",
      "split": "val",
      "selected_lambda": 0.0,
      "selection_rule": "no_lambda_improved_val_selector_behavior",
      "val_full_conflict_error_auc": 0.7463373258623349,
      "high_low_jaccard_change_gap": 0.0,
      "mean_repeated_eval_selection_entropy": 1.6692519272773716,
      "mean_pad_top1_top2_margin": 16.79510414557949,
      "offline_selected_weak_domain_neighbor_rate": 0.2131277184657967
    },
    {
      "dataset": "weibo21",
      "split": "test",
      "selected_lambda": 0.05,
      "selection_rule": "smallest_lambda_with_val_high_conflict_jaccard_change_gap_improvement",
      "val_full_conflict_error_auc": 0.8514508290451687,
      "high_low_jaccard_change_gap": 0.02020202020202022,
      "mean_repeated_eval_selection_entropy": 1.66946471474035,
      "mean_pad_top1_top2_margin": 16.823691726312404,
      "offline_selected_weak_domain_neighbor_rate": 0.32547425474254743
    },
    {
      "dataset": "weibo21",
      "split": "val",
      "selected_lambda": 0.05,
      "selection_rule": "smallest_lambda_with_val_high_conflict_jaccard_change_gap_improvement",
      "val_full_conflict_error_auc": 0.8514508290451687,
      "high_low_jaccard_change_gap": 0.024531024531024626,
      "mean_repeated_eval_selection_entropy": 1.6694913196046823,
      "mean_pad_top1_top2_margin": 16.823786039274882,
      "offline_selected_weak_domain_neighbor_rate": 0.3224932249322493
    }
  ],
  "key_gate_rows": [
    {
      "dataset": "weibo",
      "split": "val",
      "score": "clip_dissimilarity",
      "target": "is_error",
      "pooled_auc": 0.5087261604893847,
      "domain_macro_auc": 0.5356493880310692,
      "bootstrap_ci95_low": 0.4675643579907168,
      "bootstrap_ci95_high": 0.5534489348689512,
      "permutation_greater_equal_p": 0.07308970099667775,
      "top25_n": null,
      "bottom25_n": null,
      "top25_positive": null,
      "bottom25_positive": null,
      "top25_rate": null,
      "bottom25_rate": null,
      "enrichment": null,
      "smoothed_odds_ratio": null,
      "fisher_exact_greater_p": null
    },
    {
      "dataset": "weibo",
      "split": "val",
      "score": "branch_disagreement",
      "target": "is_error",
      "pooled_auc": 0.6310937473226066,
      "domain_macro_auc": 0.7056838899561768,
      "bootstrap_ci95_low": 0.5950240122026922,
      "bootstrap_ci95_high": 0.6704739858943649,
      "permutation_greater_equal_p": 0.0033222591362126247,
      "top25_n": null,
      "bottom25_n": null,
      "top25_positive": null,
      "bottom25_positive": null,
      "top25_rate": null,
      "bottom25_rate": null,
      "enrichment": null,
      "smoothed_odds_ratio": null,
      "fisher_exact_greater_p": null
    },
    {
      "dataset": "weibo",
      "split": "val",
      "score": "fusion_uncertainty",
      "target": "is_error",
      "pooled_auc": 0.855909114275433,
      "domain_macro_auc": 0.8653991358641329,
      "bootstrap_ci95_low": 0.8313575063501146,
      "bootstrap_ci95_high": 0.8781040338034353,
      "permutation_greater_equal_p": 0.0033222591362126247,
      "top25_n": null,
      "bottom25_n": null,
      "top25_positive": null,
      "bottom25_positive": null,
      "top25_rate": null,
      "bottom25_rate": null,
      "enrichment": null,
      "smoothed_odds_ratio": null,
      "fisher_exact_greater_p": null
    },
    {
      "dataset": "weibo",
      "split": "val",
      "score": "full_conflict_zscore_equal_weight",
      "target": "is_error",
      "pooled_auc": 0.7463373258623349,
      "domain_macro_auc": 0.8028842579184298,
      "bootstrap_ci95_low": 0.7018085939799524,
      "bootstrap_ci95_high": 0.7850843392567822,
      "permutation_greater_equal_p": 0.0033222591362126247,
      "top25_n": null,
      "bottom25_n": null,
      "top25_positive": null,
      "bottom25_positive": null,
      "top25_rate": null,
      "bottom25_rate": null,
      "enrichment": null,
      "smoothed_odds_ratio": null,
      "fisher_exact_greater_p": null
    },
    {
      "dataset": "weibo",
      "split": "val",
      "score": "confidence_uncertainty",
      "target": "is_error",
      "pooled_auc": 0.8588506771306339,
      "domain_macro_auc": 0.8692616933184353,