{
  "variant": "r7a_shuffled_risk_control",
  "family": "R7-A",
  "train_batches": 40,
  "train_loss_first": 1.005367636680603,
  "train_loss_last": 0.5460149049758911,
  "train_loss_mean": 0.8779467388987541,
  "metrics": {
    "rows": 615,
    "macro_f1": 0.6807801947988864,
    "accuracy": 0.6959349593495935,
    "auc": 0.8650343733474353,
    "nll": 0.5381872911122892,
    "ece": 0.05866580421362464,
    "brier": 0.1820044776035122,
    "high_conf_error_rate": 0.0,
    "weak_domain_macro_f1": 0.6474164133738602
  }
}