{
  "variant": "r7d_random_aux_control",
  "family": "R7-D",
  "train_batches": 40,
  "train_loss_first": 1.12430739402771,
  "train_loss_last": 0.7788920998573303,
  "train_loss_mean": 0.9918169334530831,
  "metrics": {
    "rows": 615,
    "macro_f1": 0.5842478461176512,
    "accuracy": 0.6308943089430894,
    "auc": 0.821565309360127,
    "nll": 0.6285782959550995,
    "ece": 0.10404292691529282,
    "brier": 0.2220791462130774,
    "high_conf_error_rate": 0.0,
    "weak_domain_macro_f1": 0.6039024390243902
  }
}