{
  "rows": 615,
  "macro_f1": 0.934930274879912,
  "accuracy": 0.9349593495934959,
  "auc": 0.987625594923321,
  "brier": 0.04781770092325658,
  "ece": 0.012516777700008998,
  "high_conf_error_rate": 0.014634146341463415,
  "selector_margin_mean": null,
  "r3_effective_source_num_mean": 1.0000063012285931,
  "r3_route_entropy_mean": 6.330537848028816e-06,
  "r3_self_route_weight_mean": 0.9999996873421397,
  "r3_self_top1_ratio": 1.0,
  "r3_alpha_mean_per_source": [
    0.027642312951579647,
    0.037398403712008546,
    0.05040653413753172,
    0.07154473103403336,
    0.10731707427072298,
    0.10243902754637688,
    0.12682926176967096,
    0.17723574559046149,
    0.29918695180251137
  ],
  "r3_top1_source_frequency": [
    0.027642276422764227,
    0.03739837398373984,
    0.05040650406504065,
    0.07154471544715447,
    0.1073170731707317,
    0.1024390243902439,
    0.12682926829268293,
    0.1772357723577236,
    0.2991869918699187
  ],
  "r3_corr_alpha_neg_regret_nonself": 0.001760248335631923,
  "r3_harmful_source_alpha_mean": 2.0778909125289934e-07,
  "r3_beneficial_source_alpha_mean": 1.4768366582984526e-07,
  "r3_positive_regret_rate_nonself": 0.5845528455284553,
  "dataset": "weibo21",
  "seed": 42,
  "split": "test",
  "selector_mode": "regret_soft_pad_only",
  "reliability_signal": null,
  "reliability_lambda": null,
  "reliability_gating": "distance",
  "reliability_stats_mode": "prefit",
  "reliability_ema_momentum": 0.9,
  "regret_lambda": 0.0,
  "route_balance_lambda": 0.0,
  "regret_margin": 0.0,
  "router_tau_start": 2.0,
  "router_tau_end": 1.0,
  "adapter_dim": 64,
  "router_hidden": 128,
  "eval_total_epochs": 5,
  "variant_tag": "regret_soft_pad_only",
  "checkpoint": "/root/autodl-tmp/panda_repro/panda/repro_logs/r3_panda/gate_seed42_eval/checkpoints_regret_soft_pad_only/weibo21_seed42_parameter_panda.pkl",
  "reliability_stats_count": null
}