{
  "rows": 615,
  "macro_f1": 0.9333305130232226,
  "accuracy": 0.9333333333333333,
  "auc": 0.978667371760973,
  "brier": 0.05288880180881318,
  "ece": 0.024912825363713677,
  "high_conf_error_rate": 0.022764227642276424,
  "selector_margin_mean": null,
  "r3_effective_source_num_mean": 1.0000062926997983,
  "r3_route_entropy_mean": 6.326317444342667e-06,
  "r3_self_route_weight_mean": 0.9999996914127008,
  "r3_self_top1_ratio": 1.0,
  "r3_alpha_mean_per_source": [
    0.03577239193876458,
    0.039024419331919004,
    0.05040653413965347,
    0.045528481321615806,
    0.09268293379493153,
    0.10731707437203783,
    0.11382113692514116,
    0.19024387044742772,
    0.3252032046045573
  ],
  "r3_top1_source_frequency": [
    0.03577235772357724,
    0.03902439024390244,
    0.05040650406504065,
    0.04552845528455285,
    0.09268292682926829,
    0.1073170731707317,
    0.11382113821138211,
    0.1902439024390244,
    0.3252032520325203
  ],
  "r3_corr_alpha_neg_regret_nonself": 0.003892004167037458,
  "r3_harmful_source_alpha_mean": 2.0149548758324707e-07,
  "r3_beneficial_source_alpha_mean": 1.5396785866713118e-07,
  "r3_positive_regret_rate_nonself": 0.5666666666666667,
  "dataset": "weibo21",
  "seed": 42,
  "split": "val",
  "selector_mode": "regret_soft_pad_only",
  "reliability_signal": null,
  "reliability_lambda": null,
  "reliability_gating": "distance",
  "reliability_stats_mode": "prefit",
  "reliability_ema_momentum": 0.9,
  "regret_lambda": 0.0,
  "route_balance_lambda": 0.0,
  "regret_margin": 0.0,
  "router_tau_start": 2.0,
  "router_tau_end": 1.0,
  "adapter_dim": 64,
  "router_hidden": 128,
  "eval_total_epochs": 5,
  "variant_tag": "regret_soft_pad_only",
  "checkpoint": "/root/autodl-tmp/panda_repro/panda/repro_logs/r3_panda/gate_seed42_eval/checkpoints_regret_soft_pad_only/weibo21_seed42_parameter_panda.pkl",
  "reliability_stats_count": null
}