rows,macro_f1,accuracy,auc,brier,ece,high_conf_error_rate,selector_margin_mean,r3_effective_source_num_mean,r3_route_entropy_mean,r3_self_route_weight_mean,r3_self_top1_ratio,r3_alpha_mean_per_source,r3_top1_source_frequency,r3_corr_alpha_neg_regret_nonself,r3_harmful_source_alpha_mean,r3_beneficial_source_alpha_mean,r3_positive_regret_rate_nonself,dataset,seed,split,selector_mode,reliability_signal,reliability_lambda,reliability_gating,reliability_stats_mode,reliability_ema_momentum,regret_lambda,route_balance_lambda,regret_margin,router_tau_start,router_tau_end,adapter_dim,router_hidden,eval_total_epochs,variant_tag,checkpoint,reliability_stats_count
615,0.9333305130232226,0.9333333333333333,0.978667371760973,0.05288880180881318,0.024912825363713677,0.022764227642276424,,1.0000062926997983,6.326317444342667e-06,0.9999996914127008,1.0,"[0.03577239193876458, 0.039024419331919004, 0.05040653413965347, 0.045528481321615806, 0.09268293379493153, 0.10731707437203783, 0.11382113692514116, 0.19024387044742772, 0.3252032046045573]","[0.03577235772357724, 0.03902439024390244, 0.05040650406504065, 0.04552845528455285, 0.09268292682926829, 0.1073170731707317, 0.11382113821138211, 0.1902439024390244, 0.3252032520325203]",0.003892004167037458,2.0149548758324707e-07,1.5396785866713118e-07,0.5666666666666667,weibo21,42,val,regret_soft_pad_only,,,distance,prefit,0.9,0.0,0.0,0.0,2.0,1.0,64,128,5,regret_soft_pad_only,/root/autodl-tmp/panda_repro/panda/repro_logs/r3_panda/gate_seed42_eval/checkpoints_regret_soft_pad_only/weibo21_seed42_parameter_panda.pkl,
615,0.934930274879912,0.9349593495934959,0.987625594923321,0.04781770092325658,0.012516777700008998,0.014634146341463415,,1.0000063012285931,6.330537848028816e-06,0.9999996873421397,1.0,"[0.027642312951579647, 0.037398403712008546, 0.05040653413753172, 0.07154473103403336, 0.10731707427072298, 0.10243902754637688, 0.12682926176967096, 0.17723574559046149, 0.29918695180251137]","[0.027642276422764227, 0.03739837398373984, 0.05040650406504065, 0.07154471544715447, 0.1073170731707317, 0.1024390243902439, 0.12682926829268293, 0.1772357723577236, 0.2991869918699187]",0.001760248335631923,2.0778909125289934e-07,1.4768366582984526e-07,0.5845528455284553,weibo21,42,test,regret_soft_pad_only,,,distance,prefit,0.9,0.0,0.0,0.0,2.0,1.0,64,128,5,regret_soft_pad_only,/root/autodl-tmp/panda_repro/panda/repro_logs/r3_panda/gate_seed42_eval/checkpoints_regret_soft_pad_only/weibo21_seed42_parameter_panda.pkl,
