{
  "variant": "r7a_confidence_only_control",
  "family": "R7-A",
  "train_batches": 40,
  "train_loss_first": 1.0276482105255127,
  "train_loss_last": 0.6450449824333191,
  "train_loss_mean": 0.8881998658180237,
  "metrics": {
    "rows": 615,
    "macro_f1": 0.7056861034617603,
    "accuracy": 0.7154471544715447,
    "auc": 0.8367107350608144,
    "nll": 0.5498989182141534,
    "ece": 0.02862936638719666,
    "brier": 0.18627223337020724,
    "high_conf_error_rate": 0.0,
    "weak_domain_macro_f1": 0.6880522474068382
  }
}