{
  "rows": [
    {
      "candidate": "r6c_low_margin_h_di_adapter",
      "role": "primary",
      "family": "r6c_boundary_local_adapter",
      "macro_f1": 0.9577145214521452,
      "accuracy": 0.9577235772357724,
      "auc": 0.9883553675304072,
      "nll": 0.1540313579807501,
      "ece": 0.029804726688373875,
      "brier": 0.03821724100072251,
      "high_conf_error_rate": 0.026690391459074734,
      "weak_domain_macro_f1": 0.930849478390462,
      "changed_count": 1,
      "wrong_to_correct": 1,
      "correct_to_wrong": 0,
      "high_conf_correct_to_wrong": 0,
      "low_margin_count": 419,
      "low_margin_delta_f1": 0.0024238905687478107,
      "weak_delta_f1": 0.008580101575630605,
      "meta_fit_split": "train",
      "meta_classifier": "LogisticRegression",
      "meta_input_dim": 10,
      "meta_pca_dim": 8,
      "meta_explained_variance_ratio_sum": 0.8330099582672119,
      "meta_feature_source": "h_di"
    },
    {
      "candidate": "r6c_low_margin_h_final_adapter",
      "role": "primary",
      "family": "r6c_boundary_local_adapter",
      "macro_f1": 0.9577145214521452,
      "accuracy": 0.9577235772357724,
      "auc": 0.9876784769962983,
      "nll": 0.1543063802024373,
      "ece": 0.02816166790173106,
      "brier": 0.03850161028527277,
      "high_conf_error_rate": 0.024822695035460994,
      "weak_domain_macro_f1": 0.930849478390462,
      "changed_count": 3,
      "wrong_to_correct": 2,
      "correct_to_wrong": 1,
      "high_conf_correct_to_wrong": 0,
      "low_margin_count": 419,
      "low_margin_delta_f1": 0.0024238905687478107,
      "weak_delta_f1": 0.008580101575630605,
      "meta_fit_split": "train",
      "meta_classifier": "LogisticRegression",
      "meta_input_dim": 10,
      "meta_pca_dim": 8,
      "meta_explained_variance_ratio_sum": 0.8681678771972656,
      "meta_feature_source": "h_final"
    },
    {
      "candidate": "original_final",
      "role": "primary_baseline",
      "family": "baseline",
      "macro_f1": 0.9560859504132231,
      "accuracy": 0.9560975609756097,
      "auc": 0.9873717609730301,
      "nll": 0.15835834398009085,
      "ece": 0.027005501896482164,
      "brier": 0.03869003231169586,
      "high_conf_error_rate": 0.02664298401420959,
      "weak_domain_macro_f1": 0.9222693768148313,
      "changed_count": 0,
      "wrong_to_correct": 0,
      "correct_to_wrong": 0,
      "high_conf_correct_to_wrong": 0,
      "low_margin_count": 419,
      "low_margin_delta_f1": 0.0,
      "weak_delta_f1": 0.0
    },
    {
      "candidate": "same_param_global_h_final_control",
      "role": "same_param_control",
      "family": "control",
      "macro_f1": 0.9544617923330795,
      "accuracy": 0.9544715447154472,
      "auc": 0.9870861977789528,
      "nll": 0.14501820666373788,
      "ece": 0.022541989264735593,
      "brier": 0.03812740607479896,
      "high_conf_error_rate": 0.021778584392014518,
      "weak_domain_macro_f1": 0.9222693768148313,
      "changed_count": 3,
      "wrong_to_correct": 1,
      "correct_to_wrong": 2,
      "high_conf_correct_to_wrong": 0,
      "low_margin_count": 419,
      "low_margin_delta_f1": -0.002377383659639243,
      "weak_delta_f1": 0.0,
      "meta_fit_split": "train",
      "meta_classifier": "LogisticRegression",
      "meta_input_dim": 10,
      "meta_pca_dim": 8,
      "meta_explained_variance_ratio_sum": 0.8681678771972656,
      "meta_feature_source": "h_final"
    },
    {
      "candidate": "same_param_global_h_di_control",
      "role": "same_param_control",
      "family": "control",
      "macro_f1": 0.954456974800584,
      "accuracy": 0.9544715447154472,
      "auc": 0.9879005817028028,
      "nll": 0.14343771716589715,
      "ece": 0.02066979407521246,
      "brier": 0.038280529651794286,
      "high_conf_error_rate": 0.021739130434782608,
      "weak_domain_macro_f1": 0.9222693768148313,
      "changed_count": 1,
      "wrong_to_correct": 0,
      "correct_to_wrong": 1,
      "high_conf_correct_to_wrong": 0,
      "low_margin_count": 419,
      "low_margin_delta_f1": -0.00242644114465973,
      "weak_delta_f1": 0.0,
      "meta_fit_split": "train",
      "meta_classifier": "LogisticRegression",
      "meta_input_dim": 10,
      "meta_pca_dim": 8,
      "meta_explained_variance_ratio_sum": 0.8330099582672119,
      "meta_feature_source": "h_di"
    },
    {
      "candidate": "final_only_platt",
      "role": "calibration_control",
      "family": "control",
      "macro_f1": 0.9544511924159385,
      "accuracy": 0.9544715447154472,
      "auc": 0.9873717609730301,
      "nll": 0.1434131212046376,
      "ece": 0.021351279650947082,
      "brier": 0.03852155552855756,
      "high_conf_error_rate": 0.022058823529411766,
      "weak_domain_macro_f1": 0.9136904761904762,
      "changed_count": 3,
      "wrong_to_correct": 1,
      "correct_to_wrong": 2,
      "high_conf_correct_to_wrong": 0,
      "low_margin_count": 419,
      "low_margin_delta_f1": -0.002478553022200014,
      "weak_delta_f1": -0.008578900624355179,
      "meta_fit_split": "train",
      "meta_classifier": "LogisticRegression",
      "meta_input_dim": 1
    },
    {
      "candidate": "random_mask_h_di_control",
      "role": "random_mask_control",
      "family": "control",
      "macro_f1": 0.9544511924159385,
      "accuracy": 0.9544715447154472,
      "auc": 0.9865044949762032,
      "nll": 0.1516072818746454,
      "ece": 0.025909718240184745,
      "brier": 0.039176473472589186,
      "high_conf_error_rate": 0.023722627737226276,
      "weak_domain_macro_f1": 0.9136904761904762,
      "changed_count": 3,
      "wrong_to_correct": 1,
      "correct_to_wrong": 2,
      "high_conf_correct_to_wrong": 0,
      "low_margin_count": 419,
      "low_margin_delta_f1": -0.002478553022200014,
      "weak_delta_f1": -0.008578900624355179,
      "meta_fit_split": "train",
      "meta_classifier": "LogisticRegression",
      "meta_input_dim": 10,
      "meta_pca_dim": 8,
      "meta_explained_variance_ratio_sum": 0.8330099582672119,
      "meta_feature_source": "h_di"
    },
    {
      "candidate": "random_mask_h_collab_control",
      "role": "random_mask_control",
      "family": "control",
      "macro_f1": 0.9528275686955969,
      "accuracy": 0.9528455284552846,
      "auc": 0.9874246430460075,
      "nll": 0.1435021425370312,
      "ece": 0.02037573402500876,
      "brier": 0.03858792785531498,
      "high_conf_error_rate": 0.02214022140221402,
      "weak_domain_macro_f1": 0.9136904761904762,
      "changed_count": 4,
      "wrong_to_correct": 1,
      "correct_to_wrong": 3,
      "high_conf_correct_to_wrong": 0,
      "low_margin_count": 419,
      "low_margin_delta_f1": -0.00485551931503303,
      "weak_delta_f1": -0.008578900624355179,
      "meta_fit_split": "train",
      "meta_classifier": "LogisticRegression",
      "meta_input_dim": 10,
      "meta_pca_dim": 8,
      "meta_explained_variance_ratio_sum": 0.9999951720237732,
      "meta_feature_source": "h_collab"
    },
    {
      "candidate": "low_margin_logit_bias_control",
      "role": "bias_control",
      "family": "control",
      "macro_f1": 0.9528275686955969,
      "accuracy": 0.9528455284552846,
      "auc": 0.9873717609730301,
      "nll": 0.15937012459946787,
      "ece": 0.027764967069690966,
      "brier": 0.03875899100631105,
      "high_conf_error_rate": 0.023214285714285715,
      "weak_domain_macro_f1": 0.9136904761904762,
      "changed_count": 2,
      "wrong_to_correct": 0,
      "correct_to_wrong": 2,
      "high_conf_correct_to_wrong": 0,
      "low_margin_count": 419,
      "low_margin_delta_f1": -0.00485551931503303,
      "weak_delta_f1": -0.008578900624355179,
      "meta_selected_by": "train_nll",
      "meta_delta": 0.1499999999999999,
      "meta_train_nll": 0.0002577696445201693
    },
    {
      "candidate": "random_mask_h_final_control",
      "role": "random_mask_control",
      "family": "control",
      "macro_f1": 0.9528275686955969,
      "accuracy": 0.9528455284552846,