{
  "rows": [
    {
      "split": "train",
      "view": "original_final",
      "role": "primary_baseline",
      "macro_f1": 1.0,
      "accuracy": 1.0,
      "auc": null,
      "nll": 0.0002485289232233784,
      "ece": 0.0002483806950905887,
      "brier": 2.9606117424560826e-07,
      "ce_mean": 0.0002485289232233784,
      "anchor_jsd_mean": 0.0,
      "anchor_abs_diff_mean": 0.0,
      "changed_count": 0,
      "wrong_to_correct": 0,
      "correct_to_wrong": 0,
      "alpha_negative_regret_corr": null,
      "route_entropy_mean": null,
      "effective_source_num_mean": null,
      "self_weight_mean": null,
      "self_top1_ratio": null
    },
    {
      "split": "train",
      "view": "pad_soft_nonself_tau0p5",
      "role": "primary",
      "macro_f1": 1.0,
      "accuracy": 1.0,
      "auc": null,
      "nll": 0.00024284765847251146,
      "ece": 0.00024271011352539062,
      "brier": 2.8402841154623253e-07,
      "ce_mean": 0.00024284765847251146,
      "anchor_jsd_mean": 3.0568988666691916e-07,
      "anchor_abs_diff_mean": 1.709415920990783e-05,
      "changed_count": 0,
      "wrong_to_correct": 0,
      "correct_to_wrong": 0,
      "alpha_negative_regret_corr": 0.029838489821267637,
      "route_entropy_mean": 2.0793689412533256,
      "effective_source_num_mean": 7.999419223759145,
      "self_weight_mean": 0.0,
      "self_top1_ratio": 0.0
    },
    {
      "split": "train",
      "view": "pad_soft_nonself_tau1p0",
      "role": "primary",
      "macro_f1": 1.0,
      "accuracy": 1.0,
      "auc": null,
      "nll": 0.00024286351391265186,
      "ece": 0.00024271011352539062,
      "brier": 2.8407824408630903e-07,
      "ce_mean": 0.00024286351391265186,
      "anchor_jsd_mean": 3.056053358716791e-07,
      "anchor_abs_diff_mean": 1.7074503732662024e-05,
      "changed_count": 0,
      "wrong_to_correct": 0,
      "correct_to_wrong": 0,
      "alpha_negative_regret_corr": 0.029902680897764704,
      "route_entropy_mean": 2.0794234140320675,
      "effective_source_num_mean": 7.9998549805104995,
      "self_weight_mean": 0.0,
      "self_top1_ratio": 0.0
    },
    {
      "split": "train",
      "view": "pad_soft_nonself_tau2p0",
      "role": "primary",
      "macro_f1": 1.0,
      "accuracy": 1.0,
      "auc": null,
      "nll": 0.00024287656934649968,
      "ece": 0.00024271011352539062,
      "brier": 2.8410327787638686e-07,
      "ce_mean": 0.00024287656934649968,
      "anchor_jsd_mean": 3.0555736761511937e-07,
      "anchor_abs_diff_mean": 1.7064604435280203e-05,
      "changed_count": 0,
      "wrong_to_correct": 0,
      "correct_to_wrong": 0,
      "alpha_negative_regret_corr": 0.029934427874874832,
      "route_entropy_mean": 2.0794370125991843,
      "effective_source_num_mean": 7.999963767460404,
      "self_weight_mean": 0.0,
      "self_top1_ratio": 0.0
    },
    {
      "split": "train",
      "view": "pad_top2_nonself_uniform",
      "role": "primary",
      "macro_f1": 1.0,
      "accuracy": 1.0,
      "auc": null,
      "nll": 0.00024025799032535784,
      "ece": 0.00024008750915527344,
      "brier": 2.828529839838591e-07,
      "ce_mean": 0.00024025799032535784,
      "anchor_jsd_mean": 3.8362378200181127e-07,
      "anchor_abs_diff_mean": 2.496576913379133e-05,
      "changed_count": 0,
      "wrong_to_correct": 0,
      "correct_to_wrong": 0,
      "alpha_negative_regret_corr": 0.02705721012794274,
      "route_entropy_mean": 0.6931471824645996,
      "effective_source_num_mean": 2.0,
      "self_weight_mean": 0.0,
      "self_top1_ratio": 0.0
    },
    {
      "split": "train",
      "view": "uniform_nonself_control",
      "role": "uniform_control",
      "macro_f1": 1.0,
      "accuracy": 1.0,
      "auc": null,
      "nll": 0.00024287751158592674,
      "ece": 0.00024271011352539062,
      "brier": 2.8412842990416697e-07,
      "ce_mean": 0.00024287751158592674,
      "anchor_jsd_mean": 3.055238820612645e-07,
      "anchor_abs_diff_mean": 1.705466635825222e-05,
      "changed_count": 0,
      "wrong_to_correct": 0,
      "correct_to_wrong": 0,
      "alpha_negative_regret_corr": null,
      "route_entropy_mean": 2.0794413089752197,
      "effective_source_num_mean": 8.0,
      "self_weight_mean": 0.0,
      "self_top1_ratio": 0.0
    },
    {
      "split": "train",
      "view": "self_only_control",
      "role": "self_control",
      "macro_f1": 1.0,
      "accuracy": 1.0,
      "auc": null,
      "nll": 0.00025889169808083025,
      "ece": 0.0002587437629699707,
      "brier": 3.21489390389088e-07,
      "ce_mean": 0.00025889169808083025,
      "anchor_jsd_mean": 2.762609380120788e-07,
      "anchor_abs_diff_mean": 2.1887931723099697e-05,
      "changed_count": 0,
      "wrong_to_correct": 0,
      "correct_to_wrong": 0,
      "alpha_negative_regret_corr": null,
      "route_entropy_mean": 0.0,
      "effective_source_num_mean": 1.0,
      "self_weight_mean": 1.0,
      "self_top1_ratio": 1.0
    },
    {
      "split": "train",
      "view": "pad_bottom2_nonself_uniform",
      "role": "bottom_control",
      "macro_f1": 1.0,
      "accuracy": 1.0,
      "auc": null,
      "nll": 0.00025562560592126834,
      "ece": 0.0002554655075073242,
      "brier": 3.290067628943024e-07,
      "ce_mean": 0.00025562560592126834,
      "anchor_jsd_mean": 6.437557967850884e-07,
      "anchor_abs_diff_mean": 3.1486206705011956e-05,
      "changed_count": 0,
      "wrong_to_correct": 0,
      "correct_to_wrong": 0,
      "alpha_negative_regret_corr": -0.06339738305996227,
      "route_entropy_mean": 0.6931471824645996,
      "effective_source_num_mean": 2.0,
      "self_weight_mean": 0.0,
      "self_top1_ratio": 0.0
    },
    {
      "split": "train",
      "view": "shuffled_pad_top2_uniform",
      "role": "shuffled_control",
      "macro_f1": 1.0,
      "accuracy": 1.0,
      "auc": null,
      "nll": 0.00023055717993711533,
      "ece": 0.00023043155670166016,
      "brier": 2.527999848143112e-07,
      "ce_mean": 0.00023055717993711533,
      "anchor_jsd_mean": 5.290596517303687e-07,
      "anchor_abs_diff_mean": 2.7880543514756833e-05,
      "changed_count": 0,
      "wrong_to_correct": 0,
      "correct_to_wrong": 0,
      "alpha_negative_regret_corr": 0.08302263327536868,
      "route_entropy_mean": 0.6931471824645996,
      "effective_source_num_mean": 2.0,
      "self_weight_mean": 0.0,
      "self_top1_ratio": 0.0
    },
    {
      "split": "train",
      "view": "anchor_pair_uniform_recompute",
      "role": "anchor_recompute_control",
      "macro_f1": 1.0,
      "accuracy": 1.0,
      "auc": null,
      "nll": 0.0002484564763507766,
      "ece": 0.00024831295013427734,
      "brier": 2.95973612963497e-07,
      "ce_mean": 0.0002484564763507766,
      "anchor_jsd_mean": 9.683151387114727e-12,
      "anchor_abs_diff_mean": 1.3871618875807795e-07,
      "changed_count": 0,
      "wrong_to_correct": 0,
      "correct_to_wrong": 0,
      "alpha_negative_regret_corr": 0.0212602848874673,
      "route_entropy_mean": 0.6931471824645996,
      "effective_source_num_mean": 2.0,
      "self_weight_mean": 0.5,
      "self_top1_ratio": 0.375
    },
    {
      "split": "train",
      "view": "random_nonself_pair_seed1",
      "role": "random_control",
      "macro_f1": 1.0,
      "accuracy": 1.0,
      "auc": null,
      "nll": 0.0002378877061936227,
      "ece": 0.0002377033233642578,
      "brier": 2.71555975062656e-07,
      "ce_mean": 0.0002378877061936227,
      "anchor_jsd_mean": 5.370297261938433e-07,
      "anchor_abs_diff_mean": 2.2890137731930813e-05,
      "changed_count": 0,
      "wrong_to_correct": 0,
      "correct_to_wrong": 0,
      "alpha_negative_regret_corr": 0.03752553772929784,
      "route_entropy_mean": 0.6931471824645996,
      "effective_source_num_mean": 2.0,
      "self_weight_mean": 0.0,
      "self_top1_ratio": 0.0
    },
    {
      "split": "train",
      "view": "random_nonself_pair_seed2",
      "role": "random_control",
      "macro_f1": 1.0,
      "accuracy": 1.0,