{
  "variant": "r7d_shuffled_aux_control",
  "family": "R7-D",
  "train_batches": 40,
  "train_loss_first": 1.0791839361190796,
  "train_loss_last": 0.8030937314033508,
  "train_loss_mean": 0.9983285933732986,
  "metrics": {
    "rows": 615,
    "macro_f1": 0.6821670291647437,
    "accuracy": 0.6959349593495935,
    "auc": 0.8078476996298255,
    "nll": 0.5984316964985992,
    "ece": 0.08562854460584438,
    "brier": 0.20517821943408904,
    "high_conf_error_rate": null,
    "weak_domain_macro_f1": 0.6193677470988396
  }
}