rows,macro_f1,accuracy,auc,brier,ece,high_conf_error_rate,selector_margin_mean,r3_effective_source_num_mean,r3_route_entropy_mean,r3_self_route_weight_mean,r3_self_top1_ratio,r3_alpha_mean_per_source,r3_top1_source_frequency,r3_corr_alpha_neg_regret_nonself,r3_harmful_source_alpha_mean,r3_beneficial_source_alpha_mean,r3_positive_regret_rate_nonself,dataset,seed,split,selector_mode,reliability_signal,reliability_lambda,reliability_gating,reliability_stats_mode,reliability_ema_momentum,regret_lambda,route_balance_lambda,regret_margin,router_tau_start,router_tau_end,adapter_dim,router_hidden,eval_total_epochs,variant_tag,checkpoint,reliability_stats_count
615,0.9331523511337456,0.9333333333333333,0.9822104706504494,0.053748409818755935,0.025181774503614907,0.030894308943089432,,1.0000064942894913,6.439073636064995e-06,0.9999996423721313,1.0,"[0.03577238817169765, 0.03902441979712763, 0.05040652863881533, 0.045528481799771425, 0.09268293428720706, 0.10731707486637244, 0.11382113728750924, 0.19024387084838906, 0.32520316613995826]","[0.03577235772357724, 0.03902439024390244, 0.05040650406504065, 0.04552845528455285, 0.09268292682926829, 0.1073170731707317, 0.11382113821138211, 0.1902439024390244, 0.3252032520325203]",0.0044884666854164736,1.8502867859515243e-07,1.744360380974385e-07,0.5146341463414634,weibo21,42,val,regret_soft_adapter_neg,,,distance,prefit,0.9,0.05,0.0,0.0,2.0,1.0,64,128,5,regret_soft_adapter_neg,/root/autodl-tmp/panda_repro/panda/repro_logs/r3_panda/gate_seed42_eval/checkpoints_regret_soft_adapter_neg_l0p05/weibo21_seed42_parameter_panda.pkl,
615,0.9397124318767701,0.9398373983739837,0.9856689582231624,0.05080656634457536,0.0244486336016837,0.022764227642276424,,1.000006492544965,6.439162084055029e-06,0.9999996423721313,1.0,"[0.02764231015762639, 0.03739840417714774, 0.05040652863620344, 0.0715447314990357, 0.10731707475588374, 0.10243902804236048, 0.12682926212509485, 0.1772357459974206, 0.299186916451642]","[0.027642276422764227, 0.03739837398373984, 0.05040650406504065, 0.07154471544715447, 0.1073170731707317, 0.1024390243902439, 0.12682926829268293, 0.1772357723577236, 0.2991869918699187]",0.010384763992295211,1.9412697093473323e-07,1.6534331297572782e-07,0.5400406504065041,weibo21,42,test,regret_soft_adapter_neg,,,distance,prefit,0.9,0.05,0.0,0.0,2.0,1.0,64,128,5,regret_soft_adapter_neg,/root/autodl-tmp/panda_repro/panda/repro_logs/r3_panda/gate_seed42_eval/checkpoints_regret_soft_adapter_neg_l0p05/weibo21_seed42_parameter_panda.pkl,
