{
  "rows": 615,
  "macro_f1": 0.9397124318767701,
  "accuracy": 0.9398373983739837,
  "auc": 0.9856689582231624,
  "brier": 0.05080656634457536,
  "ece": 0.0244486336016837,
  "high_conf_error_rate": 0.022764227642276424,
  "selector_margin_mean": null,
  "r3_effective_source_num_mean": 1.000006492544965,
  "r3_route_entropy_mean": 6.439162084055029e-06,
  "r3_self_route_weight_mean": 0.9999996423721313,
  "r3_self_top1_ratio": 1.0,
  "r3_alpha_mean_per_source": [
    0.02764231015762639,
    0.03739840417714774,
    0.05040652863620344,
    0.0715447314990357,
    0.10731707475588374,
    0.10243902804236048,
    0.12682926212509485,
    0.1772357459974206,
    0.299186916451642
  ],
  "r3_top1_source_frequency": [
    0.027642276422764227,
    0.03739837398373984,
    0.05040650406504065,
    0.07154471544715447,
    0.1073170731707317,
    0.1024390243902439,
    0.12682926829268293,
    0.1772357723577236,
    0.2991869918699187
  ],
  "r3_corr_alpha_neg_regret_nonself": 0.010384763992295211,
  "r3_harmful_source_alpha_mean": 1.9412697093473323e-07,
  "r3_beneficial_source_alpha_mean": 1.6534331297572782e-07,
  "r3_positive_regret_rate_nonself": 0.5400406504065041,
  "dataset": "weibo21",
  "seed": 42,
  "split": "test",
  "selector_mode": "regret_soft_adapter_neg",
  "reliability_signal": null,
  "reliability_lambda": null,
  "reliability_gating": "distance",
  "reliability_stats_mode": "prefit",
  "reliability_ema_momentum": 0.9,
  "regret_lambda": 0.05,
  "route_balance_lambda": 0.0,
  "regret_margin": 0.0,
  "router_tau_start": 2.0,
  "router_tau_end": 1.0,
  "adapter_dim": 64,
  "router_hidden": 128,
  "eval_total_epochs": 5,
  "variant_tag": "regret_soft_adapter_neg",
  "checkpoint": "/root/autodl-tmp/panda_repro/panda/repro_logs/r3_panda/gate_seed42_eval/checkpoints_regret_soft_adapter_neg_l0p05/weibo21_seed42_parameter_panda.pkl",
  "reliability_stats_count": null
}