{
  "rows": 615,
  "macro_f1": 0.9331523511337456,
  "accuracy": 0.9333333333333333,
  "auc": 0.9822104706504494,
  "brier": 0.053748409818755935,
  "ece": 0.025181774503614907,
  "high_conf_error_rate": 0.030894308943089432,
  "selector_margin_mean": null,
  "r3_effective_source_num_mean": 1.0000064942894913,
  "r3_route_entropy_mean": 6.439073636064995e-06,
  "r3_self_route_weight_mean": 0.9999996423721313,
  "r3_self_top1_ratio": 1.0,
  "r3_alpha_mean_per_source": [
    0.03577238817169765,
    0.03902441979712763,
    0.05040652863881533,
    0.045528481799771425,
    0.09268293428720706,
    0.10731707486637244,
    0.11382113728750924,
    0.19024387084838906,
    0.32520316613995826
  ],
  "r3_top1_source_frequency": [
    0.03577235772357724,
    0.03902439024390244,
    0.05040650406504065,
    0.04552845528455285,
    0.09268292682926829,
    0.1073170731707317,
    0.11382113821138211,
    0.1902439024390244,
    0.3252032520325203
  ],
  "r3_corr_alpha_neg_regret_nonself": 0.0044884666854164736,
  "r3_harmful_source_alpha_mean": 1.8502867859515243e-07,
  "r3_beneficial_source_alpha_mean": 1.744360380974385e-07,
  "r3_positive_regret_rate_nonself": 0.5146341463414634,
  "dataset": "weibo21",
  "seed": 42,
  "split": "val",
  "selector_mode": "regret_soft_adapter_neg",
  "reliability_signal": null,
  "reliability_lambda": null,
  "reliability_gating": "distance",
  "reliability_stats_mode": "prefit",
  "reliability_ema_momentum": 0.9,
  "regret_lambda": 0.05,
  "route_balance_lambda": 0.0,
  "regret_margin": 0.0,
  "router_tau_start": 2.0,
  "router_tau_end": 1.0,
  "adapter_dim": 64,
  "router_hidden": 128,
  "eval_total_epochs": 5,
  "variant_tag": "regret_soft_adapter_neg",
  "checkpoint": "/root/autodl-tmp/panda_repro/panda/repro_logs/r3_panda/gate_seed42_eval/checkpoints_regret_soft_adapter_neg_l0p05/weibo21_seed42_parameter_panda.pkl",
  "reliability_stats_count": null
}