{
  "rows": 615,
  "macro_f1": 0.9267665340922623,
  "accuracy": 0.926829268292683,
  "auc": 0.9868852459016394,
  "brier": 0.05156863538285914,
  "ece": 0.016905547968988355,
  "high_conf_error_rate": 0.016260162601626018,
  "selector_margin_mean": null,
  "r3_effective_source_num_mean": 1.0000063876795575,
  "r3_route_entropy_mean": 6.369646793822673e-06,
  "r3_self_route_weight_mean": 0.999999651676271,
  "r3_self_top1_ratio": 1.0,
  "r3_alpha_mean_per_source": [
    0.02764231303254559,
    0.037398403696436794,
    0.05040653424877357,
    0.07154473103484572,
    0.10731707436920014,
    0.10243902766095013,
    0.1268292616167337,
    0.17723574561613045,
    0.29918691608972287
  ],
  "r3_top1_source_frequency": [
    0.027642276422764227,
    0.03739837398373984,
    0.05040650406504065,
    0.07154471544715447,
    0.1073170731707317,
    0.1024390243902439,
    0.12682926829268293,
    0.1772357723577236,
    0.2991869918699187
  ],
  "r3_corr_alpha_neg_regret_nonself": 0.06520360445550624,
  "r3_harmful_source_alpha_mean": 1.9693577473313464e-07,
  "r3_beneficial_source_alpha_mean": 1.5875329344655767e-07,
  "r3_positive_regret_rate_nonself": 0.5542682926829269,
  "dataset": "weibo21",
  "seed": 42,
  "split": "test",
  "selector_mode": "regret_soft_adapter_neg",
  "reliability_signal": null,
  "reliability_lambda": null,
  "reliability_gating": "distance",
  "reliability_stats_mode": "prefit",
  "reliability_ema_momentum": 0.9,
  "regret_lambda": 0.03,
  "route_balance_lambda": 0.0,
  "regret_margin": 0.0,
  "router_tau_start": 2.0,
  "router_tau_end": 1.0,
  "adapter_dim": 64,
  "router_hidden": 128,
  "eval_total_epochs": 5,
  "variant_tag": "regret_soft_adapter_neg",
  "checkpoint": "/root/autodl-tmp/panda_repro/panda/repro_logs/r3_panda/gate_seed42_eval/checkpoints_regret_soft_adapter_neg_l0p03/weibo21_seed42_parameter_panda.pkl",
  "reliability_stats_count": null
}