rows,macro_f1,accuracy,auc,brier,ece,high_conf_error_rate,selector_margin_mean,r3_effective_source_num_mean,r3_route_entropy_mean,r3_self_route_weight_mean,r3_self_top1_ratio,r3_alpha_mean_per_source,r3_top1_source_frequency,r3_corr_alpha_neg_regret_nonself,r3_harmful_source_alpha_mean,r3_beneficial_source_alpha_mean,r3_positive_regret_rate_nonself,dataset,seed,split,selector_mode,reliability_signal,reliability_lambda,reliability_gating,reliability_stats_mode,reliability_ema_momentum,regret_lambda,route_balance_lambda,regret_margin,router_tau_start,router_tau_end,adapter_dim,router_hidden,eval_total_epochs,variant_tag,checkpoint,reliability_stats_count
615,0.921934501142422,0.9219512195121952,0.9769751454257007,0.05941759121587461,0.03266557545869181,0.027642276422764227,,1.0000063838028326,6.368416648999811e-06,0.9999996526454522,1.0,"[0.035772392018809725, 0.039024419315632775, 0.05040653425024776, 0.04552848132172825, 0.09268293389258267, 0.10731707448612136, 0.11382113677118641, 0.19024387047219732, 0.32520316578961206]","[0.03577235772357724, 0.03902439024390244, 0.05040650406504065, 0.04552845528455285, 0.09268292682926829, 0.1073170731707317, 0.11382113821138211, 0.1902439024390244, 0.3252032520325203]",0.005445101374170857,1.9233122125822264e-07,1.6334144497247464e-07,0.541260162601626,weibo21,42,val,regret_soft_adapter_neg,,,distance,prefit,0.9,0.03,0.0,0.0,2.0,1.0,64,128,5,regret_soft_adapter_neg,/root/autodl-tmp/panda_repro/panda/repro_logs/r3_panda/gate_seed42_eval/checkpoints_regret_soft_adapter_neg_l0p03/weibo21_seed42_parameter_panda.pkl,
615,0.9267665340922623,0.926829268292683,0.9868852459016394,0.05156863538285914,0.016905547968988355,0.016260162601626018,,1.0000063876795575,6.369646793822673e-06,0.999999651676271,1.0,"[0.02764231303254559, 0.037398403696436794, 0.05040653424877357, 0.07154473103484572, 0.10731707436920014, 0.10243902766095013, 0.1268292616167337, 0.17723574561613045, 0.29918691608972287]","[0.027642276422764227, 0.03739837398373984, 0.05040650406504065, 0.07154471544715447, 0.1073170731707317, 0.1024390243902439, 0.12682926829268293, 0.1772357723577236, 0.2991869918699187]",0.06520360445550624,1.9693577473313464e-07,1.5875329344655767e-07,0.5542682926829269,weibo21,42,test,regret_soft_adapter_neg,,,distance,prefit,0.9,0.03,0.0,0.0,2.0,1.0,64,128,5,regret_soft_adapter_neg,/root/autodl-tmp/panda_repro/panda/repro_logs/r3_panda/gate_seed42_eval/checkpoints_regret_soft_adapter_neg_l0p03/weibo21_seed42_parameter_panda.pkl,
