{
  "rows": 615,
  "macro_f1": 0.921934501142422,
  "accuracy": 0.9219512195121952,
  "auc": 0.9769751454257007,
  "brier": 0.05941759121587461,
  "ece": 0.03266557545869181,
  "high_conf_error_rate": 0.027642276422764227,
  "selector_margin_mean": null,
  "r3_effective_source_num_mean": 1.0000063838028326,
  "r3_route_entropy_mean": 6.368416648999811e-06,
  "r3_self_route_weight_mean": 0.9999996526454522,
  "r3_self_top1_ratio": 1.0,
  "r3_alpha_mean_per_source": [
    0.035772392018809725,
    0.039024419315632775,
    0.05040653425024776,
    0.04552848132172825,
    0.09268293389258267,
    0.10731707448612136,
    0.11382113677118641,
    0.19024387047219732,
    0.32520316578961206
  ],
  "r3_top1_source_frequency": [
    0.03577235772357724,
    0.03902439024390244,
    0.05040650406504065,
    0.04552845528455285,
    0.09268292682926829,
    0.1073170731707317,
    0.11382113821138211,
    0.1902439024390244,
    0.3252032520325203
  ],
  "r3_corr_alpha_neg_regret_nonself": 0.005445101374170857,
  "r3_harmful_source_alpha_mean": 1.9233122125822264e-07,
  "r3_beneficial_source_alpha_mean": 1.6334144497247464e-07,
  "r3_positive_regret_rate_nonself": 0.541260162601626,
  "dataset": "weibo21",
  "seed": 42,
  "split": "val",
  "selector_mode": "regret_soft_adapter_neg",
  "reliability_signal": null,
  "reliability_lambda": null,
  "reliability_gating": "distance",
  "reliability_stats_mode": "prefit",
  "reliability_ema_momentum": 0.9,
  "regret_lambda": 0.03,
  "route_balance_lambda": 0.0,
  "regret_margin": 0.0,
  "router_tau_start": 2.0,
  "router_tau_end": 1.0,
  "adapter_dim": 64,
  "router_hidden": 128,
  "eval_total_epochs": 5,
  "variant_tag": "regret_soft_adapter_neg",
  "checkpoint": "/root/autodl-tmp/panda_repro/panda/repro_logs/r3_panda/gate_seed42_eval/checkpoints_regret_soft_adapter_neg_l0p03/weibo21_seed42_parameter_panda.pkl",
  "reliability_stats_count": null
}