{
  "rows": 615,
  "macro_f1": 0.9430840135487811,
  "accuracy": 0.943089430894309,
  "auc": 0.984865150713908,
  "brier": 0.04601101152769791,
  "ece": 0.009553903225587844,
  "high_conf_error_rate": 0.013008130081300813,
  "selector_margin_mean": null,
  "r3_effective_source_num_mean": 1.0000062632366893,
  "r3_route_entropy_mean": 6.2764326049376e-06,
  "r3_self_route_weight_mean": 0.9999996873421397,
  "r3_self_top1_ratio": 1.0,
  "r3_alpha_mean_per_source": [
    0.027642312726566858,
    0.03739840326814647,
    0.050406533943241516,
    0.07154473054624591,
    0.10731707399773278,
    0.10243902732637122,
    0.12682926102048547,
    0.17723574524010735,
    0.29918695135098383
  ],
  "r3_top1_source_frequency": [
    0.027642276422764227,
    0.03739837398373984,
    0.05040650406504065,
    0.07154471544715447,
    0.1073170731707317,
    0.1024390243902439,
    0.12682926829268293,
    0.1772357723577236,
    0.2991869918699187
  ],
  "r3_corr_alpha_neg_regret_nonself": -0.018352594326982424,
  "r3_harmful_source_alpha_mean": 2.0334070638882178e-07,
  "r3_beneficial_source_alpha_mean": 1.4873703530893143e-07,
  "r3_positive_regret_rate_nonself": 0.5780487804878048,
  "dataset": "weibo21",
  "seed": 42,
  "split": "test",
  "selector_mode": "regret_soft_adapter_neg",
  "reliability_signal": null,
  "reliability_lambda": null,
  "reliability_gating": "distance",
  "reliability_stats_mode": "prefit",
  "reliability_ema_momentum": 0.9,
  "regret_lambda": 0.01,
  "route_balance_lambda": 0.0,
  "regret_margin": 0.0,
  "router_tau_start": 2.0,
  "router_tau_end": 1.0,
  "adapter_dim": 64,
  "router_hidden": 128,
  "eval_total_epochs": 5,
  "variant_tag": "regret_soft_adapter_neg",
  "checkpoint": "/root/autodl-tmp/panda_repro/panda/repro_logs/r3_panda/gate_seed42_eval/checkpoints_regret_soft_adapter_neg_l0p01/weibo21_seed42_parameter_panda.pkl",
  "reliability_stats_count": null
}