{
  "rows": 615,
  "macro_f1": 0.9154451424582778,
  "accuracy": 0.9154471544715447,
  "auc": 0.9739079851930196,
  "brier": 0.06366163941607231,
  "ece": 0.021445742644780393,
  "high_conf_error_rate": 0.027642276422764227,
  "selector_margin_mean": null,
  "r3_effective_source_num_mean": 1.0000062587784557,
  "r3_route_entropy_mean": 6.271638866143426e-06,
  "r3_self_route_weight_mean": 0.9999996914127008,
  "r3_self_top1_ratio": 1.0,
  "r3_alpha_mean_per_source": [
    0.035772391713890454,
    0.03902441888490681,
    0.050406533941813485,
    0.04552848081667875,
    0.09268293351113115,
    0.10731707415106238,
    0.11382113616431126,
    0.19024387009934646,
    0.3252032041619089
  ],
  "r3_top1_source_frequency": [
    0.03577235772357724,
    0.03902439024390244,
    0.05040650406504065,
    0.04552845528455285,
    0.09268292682926829,
    0.1073170731707317,
    0.11382113821138211,
    0.1902439024390244,
    0.3252032520325203
  ],
  "r3_corr_alpha_neg_regret_nonself": -0.010426192192217474,
  "r3_harmful_source_alpha_mean": 1.9850373859630814e-07,
  "r3_beneficial_source_alpha_mean": 1.5352861004411042e-07,
  "r3_positive_regret_rate_nonself": 0.5642276422764227,
  "dataset": "weibo21",
  "seed": 42,
  "split": "val",
  "selector_mode": "regret_soft_adapter_neg",
  "reliability_signal": null,
  "reliability_lambda": null,
  "reliability_gating": "distance",
  "reliability_stats_mode": "prefit",
  "reliability_ema_momentum": 0.9,
  "regret_lambda": 0.01,
  "route_balance_lambda": 0.0,
  "regret_margin": 0.0,
  "router_tau_start": 2.0,
  "router_tau_end": 1.0,
  "adapter_dim": 64,
  "router_hidden": 128,
  "eval_total_epochs": 5,
  "variant_tag": "regret_soft_adapter_neg",
  "checkpoint": "/root/autodl-tmp/panda_repro/panda/repro_logs/r3_panda/gate_seed42_eval/checkpoints_regret_soft_adapter_neg_l0p01/weibo21_seed42_parameter_panda.pkl",
  "reliability_stats_count": null
}