{
  "rows": 615,
  "macro_f1": 0.93813925417699,
  "accuracy": 0.9382113821138212,
  "auc": 0.9808143839238498,
  "brier": 0.04942393856102894,
  "ece": 0.027521293366335457,
  "high_conf_error_rate": 0.024390243902439025,
  "selector_margin_mean": null,
  "r3_effective_source_num_mean": 1.0000064942894913,
  "r3_route_entropy_mean": 6.438748089461048e-06,
  "r3_self_route_weight_mean": 0.9999996423721313,
  "r3_self_top1_ratio": 1.0,
  "r3_alpha_mean_per_source": [
    0.0357723881647836,
    0.039024419788740446,
    0.050406528635242566,
    0.04552848179615869,
    0.0926829342861106,
    0.10731707486110366,
    0.11382113729145676,
    0.1902438708468741,
    0.325203166145919
  ],
  "r3_top1_source_frequency": [
    0.03577235772357724,
    0.03902439024390244,
    0.05040650406504065,
    0.04552845528455285,
    0.09268292682926829,
    0.1073170731707317,
    0.11382113821138211,
    0.1902439024390244,
    0.3252032520325203
  ],
  "r3_corr_alpha_neg_regret_nonself": -0.012585252992970537,
  "r3_harmful_source_alpha_mean": 1.944247050589897e-07,
  "r3_beneficial_source_alpha_mean": 1.6501955305170853e-07,
  "r3_positive_regret_rate_nonself": 0.540650406504065,
  "dataset": "weibo21",
  "seed": 42,
  "split": "val",
  "selector_mode": "regret_soft_adapter_neg_reliability",
  "reliability_signal": "confidence_uncertainty",
  "reliability_lambda": 0.0,
  "reliability_gating": "distance",
  "reliability_stats_mode": "prefit",
  "reliability_ema_momentum": 0.9,
  "regret_lambda": 0.03,
  "route_balance_lambda": 0.0,
  "regret_margin": 0.0,
  "router_tau_start": 2.0,
  "router_tau_end": 1.0,
  "adapter_dim": 64,
  "router_hidden": 128,
  "eval_total_epochs": 5,
  "variant_tag": "regret_soft_adapter_neg_reliability_confidence_uncertainty",
  "checkpoint": "/root/autodl-tmp/panda_repro/panda/repro_logs/r3_panda/gate_seed42_eval/checkpoints_regret_soft_adapter_neg_reliability_confidence_uncertainty_l0p03/weibo21_seed42_parameter_panda.pkl",
  "reliability_stats_count": null
}