{
  "rows": 615,
  "macro_f1": 0.943040637627315,
  "accuracy": 0.943089430894309,
  "auc": 0.9855526176626124,
  "brier": 0.04715440500829951,
  "ece": 0.021032378288628154,
  "high_conf_error_rate": 0.022764227642276424,
  "selector_margin_mean": null,
  "r3_effective_source_num_mean": 1.000006492544965,
  "r3_route_entropy_mean": 6.438007254266593e-06,
  "r3_self_route_weight_mean": 0.9999996423721313,
  "r3_self_top1_ratio": 1.0,
  "r3_alpha_mean_per_source": [
    0.027642310134260707,
    0.03739840415186213,
    0.05040652862628441,
    0.07154473148842982,
    0.10731707475048435,
    0.10243902803013868,
    0.12682926212046325,
    0.17723574599832323,
    0.2991869164696107
  ],
  "r3_top1_source_frequency": [
    0.027642276422764227,
    0.03739837398373984,
    0.05040650406504065,
    0.07154471544715447,
    0.1073170731707317,
    0.1024390243902439,
    0.12682926829268293,
    0.1772357723577236,
    0.2991869918699187
  ],
  "r3_corr_alpha_neg_regret_nonself": -0.00871870855940382,
  "r3_harmful_source_alpha_mean": 2.033906284571077e-07,
  "r3_beneficial_source_alpha_mean": 1.560070985898549e-07,
  "r3_positive_regret_rate_nonself": 0.5658536585365853,
  "dataset": "weibo21",
  "seed": 42,
  "split": "test",
  "selector_mode": "regret_soft_adapter_neg_balance",
  "reliability_signal": null,
  "reliability_lambda": null,
  "reliability_gating": "distance",
  "reliability_stats_mode": "prefit",
  "reliability_ema_momentum": 0.9,
  "regret_lambda": 0.03,
  "route_balance_lambda": 0.001,
  "regret_margin": 0.0,
  "router_tau_start": 2.0,
  "router_tau_end": 1.0,
  "adapter_dim": 64,
  "router_hidden": 128,
  "eval_total_epochs": 5,
  "variant_tag": "regret_soft_adapter_neg_balance",
  "checkpoint": "/root/autodl-tmp/panda_repro/panda/repro_logs/r3_panda/gate_seed42_eval/checkpoints_regret_soft_adapter_neg_balance_l0p03_b0p001/weibo21_seed42_parameter_panda.pkl",
  "reliability_stats_count": null
}