{
  "rows": 615,
  "macro_f1": 0.9331743192208308,
  "accuracy": 0.9333333333333333,
  "auc": 0.979904812268641,
  "brier": 0.05191481647039612,
  "ece": 0.025473934426175918,
  "high_conf_error_rate": 0.026016260162601626,
  "selector_margin_mean": null,
  "r3_effective_source_num_mean": 1.0000064942894913,
  "r3_route_entropy_mean": 6.437829861391858e-06,
  "r3_self_route_weight_mean": 0.9999996423721313,
  "r3_self_top1_ratio": 1.0,
  "r3_alpha_mean_per_source": [
    0.035772388147725126,
    0.03902441977117796,
    0.05040652862828496,
    0.04552848178855172,
    0.09268293428118765,
    0.10731707485353852,
    0.11382113728227333,
    0.19024387084866667,
    0.325203166157295
  ],
  "r3_top1_source_frequency": [
    0.03577235772357724,
    0.03902439024390244,
    0.05040650406504065,
    0.04552845528455285,
    0.09268292682926829,
    0.1073170731707317,
    0.11382113821138211,
    0.1902439024390244,
    0.3252032520325203
  ],
  "r3_corr_alpha_neg_regret_nonself": -0.004975901909340715,
  "r3_harmful_source_alpha_mean": 1.9546763453365933e-07,
  "r3_beneficial_source_alpha_mean": 1.6391893575034626e-07,
  "r3_positive_regret_rate_nonself": 0.5436991869918699,
  "dataset": "weibo21",
  "seed": 42,
  "split": "val",
  "selector_mode": "regret_soft_adapter_neg_balance",
  "reliability_signal": null,
  "reliability_lambda": null,
  "reliability_gating": "distance",
  "reliability_stats_mode": "prefit",
  "reliability_ema_momentum": 0.9,
  "regret_lambda": 0.03,
  "route_balance_lambda": 0.001,
  "regret_margin": 0.0,
  "router_tau_start": 2.0,
  "router_tau_end": 1.0,
  "adapter_dim": 64,
  "router_hidden": 128,
  "eval_total_epochs": 5,
  "variant_tag": "regret_soft_adapter_neg_balance",
  "checkpoint": "/root/autodl-tmp/panda_repro/panda/repro_logs/r3_panda/gate_seed42_eval/checkpoints_regret_soft_adapter_neg_balance_l0p03_b0p001/weibo21_seed42_parameter_panda.pkl",
  "reliability_stats_count": null
}