{
  "rows": [
    {
      "candidate": "original_final",
      "role": "primary_baseline",
      "family": "baseline",
      "macro_f1": 0.943040637627315,
      "accuracy": 0.943089430894309,
      "auc": 0.9851824431517715,
      "nll": 0.18402284765169794,
      "ece": 0.03265058792879326,
      "brier": 0.048628285625202716,
      "high_conf_error_rate": 0.03231597845601436,
      "weak_domain_macro_f1": 0.9310139756170086,
      "changed_count": 0,
      "wrong_to_correct": 0,
      "correct_to_wrong": 0,
      "high_conf_correct_to_wrong": 0,
      "low_margin_count": 412,
      "low_margin_delta_f1": 0.0,
      "weak_delta_f1": 0.0
    },
    {
      "candidate": "random_mask_h_final_control",
      "role": "random_mask_control",
      "family": "control",
      "macro_f1": 0.9414558300896937,
      "accuracy": 0.9414634146341463,
      "auc": 0.9845267054468535,
      "nll": 0.16751137748040637,
      "ece": 0.026405683159390493,
      "brier": 0.04724236522955579,
      "high_conf_error_rate": 0.031135531135531136,
      "weak_domain_macro_f1": 0.9482142857142857,
      "changed_count": 11,
      "wrong_to_correct": 5,
      "correct_to_wrong": 6,
      "high_conf_correct_to_wrong": 0,
      "low_margin_count": 412,
      "low_margin_delta_f1": -0.0030737628323187494,
      "weak_delta_f1": 0.01720031009727707,
      "meta_fit_split": "train",
      "meta_classifier": "LogisticRegression",
      "meta_input_dim": 10,
      "meta_pca_dim": 8,
      "meta_explained_variance_ratio_sum": 0.8981736898422241,
      "meta_feature_source": "h_final"
    },
    {
      "candidate": "r6c_low_margin_h_di_adapter",
      "role": "primary",
      "family": "r6c_boundary_local_adapter",
      "macro_f1": 0.9398272164501363,
      "accuracy": 0.9398373983739837,
      "auc": 0.9842517186673718,
      "nll": 0.1826942555682613,
      "ece": 0.03608949814921192,
      "brier": 0.04886050793958421,
      "high_conf_error_rate": 0.03411131059245961,
      "weak_domain_macro_f1": 0.9223618651000223,
      "changed_count": 10,
      "wrong_to_correct": 4,
      "correct_to_wrong": 6,
      "high_conf_correct_to_wrong": 0,
      "low_margin_count": 412,
      "low_margin_delta_f1": -0.0054867379189803556,
      "weak_delta_f1": -0.008652110516986333,
      "meta_fit_split": "train",
      "meta_classifier": "LogisticRegression",
      "meta_input_dim": 10,
      "meta_pca_dim": 8,
      "meta_explained_variance_ratio_sum": 0.8967375159263611,
      "meta_feature_source": "h_di"
    },
    {
      "candidate": "random_feature_low_margin_control",
      "role": "random_feature_control",
      "family": "control",
      "macro_f1": 0.9382099117964338,
      "accuracy": 0.9382113821138212,
      "auc": 0.9849709148598625,
      "nll": 0.16775174118960595,
      "ece": 0.03236438365691413,
      "brier": 0.04932024913981762,
      "high_conf_error_rate": 0.02411873840445269,
      "weak_domain_macro_f1": 0.9310139756170086,
      "changed_count": 15,
      "wrong_to_correct": 6,
      "correct_to_wrong": 9,
      "high_conf_correct_to_wrong": 0,
      "low_margin_count": 412,
      "low_margin_delta_f1": -0.008298535336142887,
      "weak_delta_f1": 0.0,
      "meta_fit_split": "train",
      "meta_classifier": "LogisticRegression",
      "meta_input_dim": 10,
      "meta_pca_dim": 8
    },
    {
      "candidate": "same_param_global_h_final_control",
      "role": "same_param_control",
      "family": "control",
      "macro_f1": 0.9382099117964338,
      "accuracy": 0.9382113821138212,
      "auc": 0.9828450555261766,
      "nll": 0.17641382493352883,
      "ece": 0.030943757737779767,
      "brier": 0.05064738019743433,
      "high_conf_error_rate": 0.027881040892193308,
      "weak_domain_macro_f1": 0.930849478390462,
      "changed_count": 15,
      "wrong_to_correct": 6,
      "correct_to_wrong": 9,
      "high_conf_correct_to_wrong": 0,
      "low_margin_count": 412,
      "low_margin_delta_f1": -0.008298535336142887,
      "weak_delta_f1": -0.000164497226546656,
      "meta_fit_split": "train",
      "meta_classifier": "LogisticRegression",
      "meta_input_dim": 10,
      "meta_pca_dim": 8,
      "meta_explained_variance_ratio_sum": 0.8981736898422241,
      "meta_feature_source": "h_final"
    },
    {
      "candidate": "r6c_low_margin_h_final_adapter",
      "role": "primary",
      "family": "r6c_boundary_local_adapter",
      "macro_f1": 0.9365846951914356,
      "accuracy": 0.9365853658536586,
      "auc": 0.9832152300370175,
      "nll": 0.1868907866793889,
      "ece": 0.035584435282309604,
      "brier": 0.05124920515462169,
      "high_conf_error_rate": 0.03260869565217391,
      "weak_domain_macro_f1": 0.9221302304766168,
      "changed_count": 16,
      "wrong_to_correct": 6,
      "correct_to_wrong": 10,
      "high_conf_correct_to_wrong": 0,
      "low_margin_count": 412,
      "low_margin_delta_f1": -0.010854989945154658,
      "weak_delta_f1": -0.008883745140391808,
      "meta_fit_split": "train",
      "meta_classifier": "LogisticRegression",
      "meta_input_dim": 10,
      "meta_pca_dim": 8,
      "meta_explained_variance_ratio_sum": 0.8981736898422241,
      "meta_feature_source": "h_final"
    },
    {
      "candidate": "final_only_platt",
      "role": "calibration_control",
      "family": "control",
      "macro_f1": 0.9365793293829277,
      "accuracy": 0.9365853658536586,
      "auc": 0.9851824431517715,
      "nll": 0.16402696990137627,
      "ece": 0.023844012137794655,
      "brier": 0.048130243684017596,
      "high_conf_error_rate": 0.025974025974025976,
      "weak_domain_macro_f1": 0.9310139756170086,
      "changed_count": 12,
      "wrong_to_correct": 4,
      "correct_to_wrong": 8,
      "high_conf_correct_to_wrong": 0,
      "low_margin_count": 412,
      "low_margin_delta_f1": -0.010570499951257917,
      "weak_delta_f1": 0.0,
      "meta_fit_split": "train",
      "meta_classifier": "LogisticRegression",
      "meta_input_dim": 1
    },
    {
      "candidate": "random_mask_h_di_control",
      "role": "random_mask_control",
      "family": "control",
      "macro_f1": 0.9365793293829277,
      "accuracy": 0.9365853658536586,
      "auc": 0.9845795875198309,
      "nll": 0.17128749670019072,
      "ece": 0.030135049774993046,
      "brier": 0.048232497439720946,
      "high_conf_error_rate": 0.029304029304029304,
      "weak_domain_macro_f1": 0.9310139756170086,
      "changed_count": 12,
      "wrong_to_correct": 4,
      "correct_to_wrong": 8,
      "high_conf_correct_to_wrong": 0,
      "low_margin_count": 412,
      "low_margin_delta_f1": -0.010570499951257917,
      "weak_delta_f1": 0.0,
      "meta_fit_split": "train",
      "meta_classifier": "LogisticRegression",
      "meta_input_dim": 10,
      "meta_pca_dim": 8,
      "meta_explained_variance_ratio_sum": 0.8967375159263611,
      "meta_feature_source": "h_di"
    },
    {
      "candidate": "random_mask_h_collab_control",
      "role": "random_mask_control",
      "family": "control",
      "macro_f1": 0.934957801890983,
      "accuracy": 0.9349593495934959,
      "auc": 0.9856901110523533,
      "nll": 0.16253483007505765,
      "ece": 0.022114925920393637,
      "brier": 0.047543319190375716,
      "high_conf_error_rate": 0.027726432532347505,
      "weak_domain_macro_f1": 0.9395428486337577,
      "changed_count": 15,
      "wrong_to_correct": 5,
      "correct_to_wrong": 10,
      "high_conf_correct_to_wrong": 0,
      "low_margin_count": 412,
      "low_margin_delta_f1": -0.013265382834635853,
      "weak_delta_f1": 0.008528873016749094,
      "meta_fit_split": "train",
      "meta_classifier": "LogisticRegression",
      "meta_input_dim": 10,
      "meta_pca_dim": 8,
      "meta_explained_variance_ratio_sum": 0.999995231628418,
      "meta_feature_source": "h_collab"
    },
    {
      "candidate": "same_param_global_h_di_control",
      "role": "same_param_control",
      "family": "control",
      "macro_f1": 0.9349550502379693,