{
  "rows": 615,
  "macro_f1": 0.9446239406779662,
  "accuracy": 0.9447154471544715,
  "auc": 0.9890216816499207,
  "brier": 0.04363930640900057,
  "ece": 0.014201987057825384,
  "high_conf_error_rate": 0.016260162601626018,
  "selector_margin_mean": null,
  "r3_effective_source_num_mean": 1.000006492544965,
  "r3_route_entropy_mean": 6.43880087934336e-06,
  "r3_self_route_weight_mean": 0.9999996423721313,
  "r3_self_top1_ratio": 1.0,
  "r3_alpha_mean_per_source": [
    0.027642310152131457,
    0.03739840416761986,
    0.050406528631475274,
    0.07154473149356314,
    0.10731707475551398,
    0.10243902803689299,
    0.12682926212677037,
    0.17723574599826747,
    0.29918691645748136
  ],
  "r3_top1_source_frequency": [
    0.027642276422764227,
    0.03739837398373984,
    0.05040650406504065,
    0.07154471544715447,
    0.1073170731707317,
    0.1024390243902439,
    0.12682926829268293,
    0.1772357723577236,
    0.2991869918699187
  ],
  "r3_corr_alpha_neg_regret_nonself": 0.026700541343215315,
  "r3_harmful_source_alpha_mean": 1.9912948567033843e-07,
  "r3_beneficial_source_alpha_mean": 1.6031809804031782e-07,
  "r3_positive_regret_rate_nonself": 0.5540650406504065,
  "dataset": "weibo21",
  "seed": 42,
  "split": "test",
  "selector_mode": "regret_soft_adapter_neg_reliability",
  "reliability_signal": "branch_fusion",
  "reliability_lambda": 0.0,
  "reliability_gating": "distance",
  "reliability_stats_mode": "prefit",
  "reliability_ema_momentum": 0.9,
  "regret_lambda": 0.03,
  "route_balance_lambda": 0.0,
  "regret_margin": 0.0,
  "router_tau_start": 2.0,
  "router_tau_end": 1.0,
  "adapter_dim": 64,
  "router_hidden": 128,
  "eval_total_epochs": 5,
  "variant_tag": "regret_soft_adapter_neg_reliability_branch_fusion",
  "checkpoint": "/root/autodl-tmp/panda_repro/panda/repro_logs/r3_panda/gate_seed42_eval/checkpoints_regret_soft_adapter_neg_reliability_branch_fusion_l0p03/weibo21_seed42_parameter_panda.pkl",
  "reliability_stats_count": null
}