{
  "rows": 615,
  "macro_f1": 0.9233429425383683,
  "accuracy": 0.9235772357723577,
  "auc": 0.9780433632998413,
  "brier": 0.06103323349390781,
  "ece": 0.03096543280432623,
  "high_conf_error_rate": 0.032520325203252036,
  "selector_margin_mean": null,
  "r3_effective_source_num_mean": 1.0000064942894913,
  "r3_route_entropy_mean": 6.438675744703221e-06,
  "r3_self_route_weight_mean": 0.9999996423721313,
  "r3_self_top1_ratio": 1.0,
  "r3_alpha_mean_per_source": [
    0.03577238816603341,
    0.03902441978721625,
    0.05040652863380182,
    0.04552848179395994,
    0.09268293428666165,
    0.10731707486061817,
    0.11382113728899149,
    0.19024387084899602,
    0.32520316614556316
  ],
  "r3_top1_source_frequency": [
    0.03577235772357724,
    0.03902439024390244,
    0.05040650406504065,
    0.04552845528455285,
    0.09268292682926829,
    0.1073170731707317,
    0.11382113821138211,
    0.1902439024390244,
    0.3252032520325203
  ],
  "r3_corr_alpha_neg_regret_nonself": -0.0021500783236544753,
  "r3_harmful_source_alpha_mean": 1.8997623331806498e-07,
  "r3_beneficial_source_alpha_mean": 1.6946347677033122e-07,
  "r3_positive_regret_rate_nonself": 0.5284552845528455,
  "dataset": "weibo21",
  "seed": 42,
  "split": "val",
  "selector_mode": "regret_soft_adapter_neg_reliability",
  "reliability_signal": "branch_fusion",
  "reliability_lambda": 0.0,
  "reliability_gating": "distance",
  "reliability_stats_mode": "prefit",
  "reliability_ema_momentum": 0.9,
  "regret_lambda": 0.03,
  "route_balance_lambda": 0.0,
  "regret_margin": 0.0,
  "router_tau_start": 2.0,
  "router_tau_end": 1.0,
  "adapter_dim": 64,
  "router_hidden": 128,
  "eval_total_epochs": 5,
  "variant_tag": "regret_soft_adapter_neg_reliability_branch_fusion",
  "checkpoint": "/root/autodl-tmp/panda_repro/panda/repro_logs/r3_panda/gate_seed42_eval/checkpoints_regret_soft_adapter_neg_reliability_branch_fusion_l0p03/weibo21_seed42_parameter_panda.pkl",
  "reliability_stats_count": null
}