{
  "dataset": "weibo21",
  "seed": 42,
  "split": "val",
  "rows": 615,
  "long_csv": "/root/autodl-tmp/panda_repro/panda/repro_logs/r4_panda/forced_view_validity_clean/r4_forced_views_long_weibo21_seed42_val.csv",
  "sample_summary_csv": "/root/autodl-tmp/panda_repro/panda/repro_logs/r4_panda/forced_view_validity_clean/r4_forced_views_sample_summary_weibo21_seed42_val.csv",
  "view_summary": {
    "anchor_deterministic_pair": {
      "rows": 615,
      "view_ce_mean": 0.15835834386303682,
      "view_correct_rate": 0.9560975609756097,
      "view_flip_rate": 0.0,
      "anchor_view_abs_diff_mean": 0.0,
      "anchor_view_jsd_mean": 0.0
    },
    "duplicate_anchor_pair": {
      "rows": 615,
      "view_ce_mean": 0.15835834386303682,
      "view_correct_rate": 0.9560975609756097,
      "view_flip_rate": 0.0,
      "anchor_view_abs_diff_mean": 0.0,
      "anchor_view_jsd_mean": 0.0
    },
    "pad_bottom1_nonself_single": {
      "rows": 615,
      "view_ce_mean": 0.15978394023300413,
      "view_correct_rate": 0.9577235772357724,
      "view_flip_rate": 0.004878048780487805,
      "anchor_view_abs_diff_mean": 0.003743030004016777,
      "anchor_view_jsd_mean": 9.132347734939152e-05
    },
    "pad_bottom2_nonself_pair": {
      "rows": 615,
      "view_ce_mean": 0.158167083670277,
      "view_correct_rate": 0.9560975609756097,
      "view_flip_rate": 0.0,
      "anchor_view_abs_diff_mean": 0.002446932070870574,
      "anchor_view_jsd_mean": 5.681334092298596e-05
    },
    "pad_bottom2_nonself_single": {
      "rows": 615,
      "view_ce_mean": 0.1568669148782044,
      "view_correct_rate": 0.9577235772357724,
      "view_flip_rate": 0.0016260162601626016,
      "anchor_view_abs_diff_mean": 0.003714338473676849,
      "anchor_view_jsd_mean": 9.507159638916882e-05
    },
    "pad_top1_nonself_single": {
      "rows": 615,
      "view_ce_mean": 0.15837128290950667,
      "view_correct_rate": 0.9577235772357724,
      "view_flip_rate": 0.0016260162601626016,
      "anchor_view_abs_diff_mean": 0.0011460499237106955,
      "anchor_view_jsd_mean": 1.206466235814392e-05
    },
    "pad_top2_nonself_pair": {
      "rows": 615,
      "view_ce_mean": 0.15778331337186874,
      "view_correct_rate": 0.9544715447154472,
      "view_flip_rate": 0.0016260162601626016,
      "anchor_view_abs_diff_mean": 0.0013182222170857634,
      "anchor_view_jsd_mean": 1.4239589238460727e-05
    },
    "pad_top2_nonself_single": {
      "rows": 615,
      "view_ce_mean": 0.157168162773248,
      "view_correct_rate": 0.9544715447154472,
      "view_flip_rate": 0.0016260162601626016,
      "anchor_view_abs_diff_mean": 0.0017886272228721963,
      "anchor_view_jsd_mean": 2.6494807438799592e-05
    },
    "random_nonself_pair_seed1": {
      "rows": 615,
      "view_ce_mean": 0.15894671432754626,
      "view_correct_rate": 0.9560975609756097,
      "view_flip_rate": 0.0,
      "anchor_view_abs_diff_mean": 0.001706845809720965,
      "anchor_view_jsd_mean": 2.7035949865931083e-05
    },
    "random_nonself_pair_seed2": {
      "rows": 615,
      "view_ce_mean": 0.15829171188366833,
      "view_correct_rate": 0.9560975609756097,
      "view_flip_rate": 0.0,
      "anchor_view_abs_diff_mean": 0.0017061137406165108,
      "anchor_view_jsd_mean": 2.8572481422157663e-05
    },
    "random_nonself_pair_seed3": {
      "rows": 615,
      "view_ce_mean": 0.15870855973334372,
      "view_correct_rate": 0.9560975609756097,
      "view_flip_rate": 0.0,
      "anchor_view_abs_diff_mean": 0.0016748979606601517,
      "anchor_view_jsd_mean": 2.6486562539851378e-05
    },
    "random_nonself_seed1_rank1_single": {
      "rows": 615,
      "view_ce_mean": 0.1593364849977256,
      "view_correct_rate": 0.9577235772357724,
      "view_flip_rate": 0.0016260162601626016,
      "anchor_view_abs_diff_mean": 0.0023072726156065405,
      "anchor_view_jsd_mean": 4.294003411783492e-05
    },
    "random_nonself_seed1_rank2_single": {
      "rows": 615,
      "view_ce_mean": 0.158665347423125,
      "view_correct_rate": 0.9544715447154472,
      "view_flip_rate": 0.0016260162601626016,
      "anchor_view_abs_diff_mean": 0.002612874558164135,
      "anchor_view_jsd_mean": 5.438375293835298e-05
    },
    "random_nonself_seed2_rank1_single": {
      "rows": 615,
      "view_ce_mean": 0.15853908193594587,
      "view_correct_rate": 0.9544715447154472,
      "view_flip_rate": 0.0016260162601626016,
      "anchor_view_abs_diff_mean": 0.0023399012800103345,
      "anchor_view_jsd_mean": 4.6035147933901994e-05
    },
    "random_nonself_seed2_rank2_single": {
      "rows": 615,
      "view_ce_mean": 0.1581430626985388,
      "view_correct_rate": 0.9577235772357724,
      "view_flip_rate": 0.0016260162601626016,
      "anchor_view_abs_diff_mean": 0.0023550220411587036,
      "anchor_view_jsd_mean": 5.15477449256788e-05
    },
    "random_nonself_seed3_rank1_single": {
      "rows": 615,
      "view_ce_mean": 0.15893221533595878,
      "view_correct_rate": 0.9577235772357724,
      "view_flip_rate": 0.0016260162601626016,
      "anchor_view_abs_diff_mean": 0.0023355176808833892,
      "anchor_view_jsd_mean": 4.958140224495251e-05
    },
    "random_nonself_seed3_rank2_single": {
      "rows": 615,
      "view_ce_mean": 0.15855179651910853,
      "view_correct_rate": 0.9577235772357724,
      "view_flip_rate": 0.0016260162601626016,
      "anchor_view_abs_diff_mean": 0.00224981220555281,
      "anchor_view_jsd_mean": 4.338290556637422e-05
    },
    "self_view_pair": {
      "rows": 615,
      "view_ce_mean": 0.1584689073769139,
      "view_correct_rate": 0.9560975609756097,
      "view_flip_rate": 0.0,
      "anchor_view_abs_diff_mean": 0.0011630299397288914,
      "anchor_view_jsd_mean": 1.158589845553558e-05
    },
    "shuffled_pad_top1_nonself_single": {
      "rows": 615,
      "view_ce_mean": 0.1574086291842891,
      "view_correct_rate": 0.9577235772357724,
      "view_flip_rate": 0.0016260162601626016,
      "anchor_view_abs_diff_mean": 0.001535247341303887,
      "anchor_view_jsd_mean": 2.122755279701286e-05
    },
    "shuffled_pad_top2_nonself_pair": {
      "rows": 615,
      "view_ce_mean": 0.1568494839919968,
      "view_correct_rate": 0.9560975609756097,
      "view_flip_rate": 0.0032520325203252032,
      "anchor_view_abs_diff_mean": 0.001528755821460081,
      "anchor_view_jsd_mean": 2.0034898825899195e-05
    },
    "shuffled_pad_top2_nonself_single": {
      "rows": 615,
      "view_ce_mean": 0.15625109900788944,
      "view_correct_rate": 0.9560975609756097,
      "view_flip_rate": 0.0032520325203252032,
      "anchor_view_abs_diff_mean": 0.001764746255313606,
      "anchor_view_jsd_mean": 2.635223363478906e-05
    }
  },
  "gate_checks": {
    "nonzero_top2_perturbation": true,
    "top2_ce_not_worse_than_bottom2": true,
    "top2_ce_not_worse_than_random_mean": true,
    "self_differs_from_top2": true,
    "duplicate_anchor_close": true,
    "top2_ce": 0.15778331337186874,
    "bottom2_ce": 0.158167083670277,
    "random_pair_ce_mean": 0.15864899531485277,
    "top2_jsd": 1.4239589238460727e-05,
    "self_jsd": 1.158589845553558e-05,
    "duplicate_abs": 0.0,
    "validity_gate_pass_preliminary": true
  },
  "anchor_direct_verification": [
    {
      "batch_idx": 0,
      "max_abs_diff": 0.0
    }
  ],
  "test_split_exported": false
}