{
  "dataset": "weibo21",
  "seed": 42,
  "split": "val",
  "rows": 615,
  "long_csv": "/root/autodl-tmp/panda_repro/panda/repro_logs/dca_source_view_gate/dca_source_view_long_weibo21_seed42_val.csv",
  "view_summary": {
    "anchor_deterministic_dca": {
      "rows": 615,
      "view_ce_mean": 0.15835834386303682,
      "view_correct_rate": 0.9560975609756097,
      "view_flip_rate": 0.0,
      "anchor_view_abs_diff_mean": 0.0,
      "anchor_view_jsd_mean": 0.0,
      "h_collab_shift_norm_mean": 0.0,
      "h_collab_cosine_to_anchor_mean": 1.0000000639659603
    },
    "forced_pad_bottom2": {
      "rows": 615,
      "view_ce_mean": 0.158167083670277,
      "view_correct_rate": 0.9560975609756097,
      "view_flip_rate": 0.0,
      "anchor_view_abs_diff_mean": 0.002446932070870574,
      "anchor_view_jsd_mean": 5.681334092298596e-05,
      "h_collab_shift_norm_mean": 1.003926895401342,
      "h_collab_cosine_to_anchor_mean": 0.10321739978664289
    },
    "forced_pad_top2": {
      "rows": 615,
      "view_ce_mean": 0.15778331337186874,
      "view_correct_rate": 0.9544715447154472,
      "view_flip_rate": 0.0016260162601626016,
      "anchor_view_abs_diff_mean": 0.0013182222170857634,
      "anchor_view_jsd_mean": 1.4239589238460727e-05,
      "h_collab_shift_norm_mean": 0.6881601476087803,
      "h_collab_cosine_to_anchor_mean": 0.5642624976189156
    },
    "forced_random_pair_seed1": {
      "rows": 615,
      "view_ce_mean": 0.15894671432754626,
      "view_correct_rate": 0.9560975609756097,
      "view_flip_rate": 0.0,
      "anchor_view_abs_diff_mean": 0.001706845809720965,
      "anchor_view_jsd_mean": 2.7035949865931083e-05,
      "h_collab_shift_norm_mean": 0.9153731302517216,
      "h_collab_cosine_to_anchor_mean": 0.21136712813106312
    },
    "forced_random_pair_seed2": {
      "rows": 615,
      "view_ce_mean": 0.15829171188366833,
      "view_correct_rate": 0.9560975609756097,
      "view_flip_rate": 0.0,
      "anchor_view_abs_diff_mean": 0.0017061137406165108,
      "anchor_view_jsd_mean": 2.8572481422157663e-05,
      "h_collab_shift_norm_mean": 0.9210140347480774,
      "h_collab_cosine_to_anchor_mean": 0.20178086566133047
    },
    "forced_random_pair_seed3": {
      "rows": 615,
      "view_ce_mean": 0.15870855973334372,
      "view_correct_rate": 0.9560975609756097,
      "view_flip_rate": 0.0,
      "anchor_view_abs_diff_mean": 0.0016748979606601517,
      "anchor_view_jsd_mean": 2.6486562539851378e-05,
      "h_collab_shift_norm_mean": 0.9226782716386687,
      "h_collab_cosine_to_anchor_mean": 0.20060163124812752
    },
    "forced_shuffled_pad_top2": {
      "rows": 615,
      "view_ce_mean": 0.1568494839919968,
      "view_correct_rate": 0.9560975609756097,
      "view_flip_rate": 0.0032520325203252032,
      "anchor_view_abs_diff_mean": 0.001528755821460081,
      "anchor_view_jsd_mean": 2.0034898825899195e-05,
      "h_collab_shift_norm_mean": 0.7287859256674604,
      "h_collab_cosine_to_anchor_mean": 0.5037179939145965
    },
    "mean_all_domain_prompts": {
      "rows": 615,
      "view_ce_mean": 0.15801283351243242,
      "view_correct_rate": 0.9560975609756097,
      "view_flip_rate": 0.0,
      "anchor_view_abs_diff_mean": 0.0010617746693075854,
      "anchor_view_jsd_mean": 1.1090945718130415e-05,
      "h_collab_shift_norm_mean": 0.6242546603931645,
      "h_collab_cosine_to_anchor_mean": 0.5231570955699052
    },
    "no_collab_zero": {
      "rows": 615,
      "view_ce_mean": 0.15784543714357416,
      "view_correct_rate": 0.9560975609756097,
      "view_flip_rate": 0.0,
      "anchor_view_abs_diff_mean": 0.0010437633465390326,
      "anchor_view_jsd_mean": 1.078696711885287e-05,
      "h_collab_shift_norm_mean": 0.7315218745208368,
      "h_collab_cosine_to_anchor_mean": 0.0
    }
  },
  "gate_checks": {
    "dca_removal_changes_logits": true,
    "mean_prompt_changes_logits": true,
    "forced_top2_changes_logits": true,
    "top2_not_equivalent_to_random_absdiff": true,
    "top2_ce_not_worse_than_random": true,
    "top2_ce_not_worse_than_bottom2": true,
    "top2_ce_not_worse_than_shuffled": false,
    "no_collab_abs_diff": 0.0010437633465390326,
    "no_collab_jsd": 1.078696711885287e-05,
    "top2_abs_diff": 0.0013182222170857634,
    "top2_jsd": 1.4239589238460727e-05,
    "top2_ce": 0.15778331337186874,
    "bottom2_ce": 0.158167083670277,
    "shuffled_ce": 0.1568494839919968,
    "random_abs_diff_mean": 0.0016959525036658759,
    "random_ce_mean": 0.15864899531485277,
    "p0b_preliminary_pass": false
  },
  "anchor_direct_verification": [
    {
      "batch_idx": 0,
      "max_abs_diff": 0.0
    }
  ],
  "test_split_exported": false
}