{
  "rows": 615,
  "macro_f1": 0.9560859504132231,
  "accuracy": 0.9560975609756097,
  "auc": 0.9874775251189846,
  "brier": 0.03867657851146142,
  "ece": 0.02663443369141167,
  "high_conf_error_rate": 0.024390243902439025,
  "selector_margin_mean": null,
  "r3_effective_source_num_mean": 1.000007226602818,
  "r3_route_entropy_mean": 7.1929814489189215e-06,
  "r3_self_route_weight_mean": 0.9999996313234655,
  "r3_self_top1_ratio": 1.0,
  "r3_alpha_mean_per_source": [
    0.03577239378166344,
    0.03902442549842397,
    0.05040653414443478,
    0.045528487384048605,
    0.09268292845024464,
    0.1073170800432115,
    0.11382114257708063,
    0.1902438755933996,
    0.32520317016735845
  ],
  "r3_top1_source_frequency": [
    0.03577235772357724,
    0.03902439024390244,
    0.05040650406504065,
    0.04552845528455285,
    0.09268292682926829,
    0.1073170731707317,
    0.11382113821138211,
    0.1902439024390244,
    0.3252032520325203
  ],
  "r3_corr_alpha_neg_regret_nonself": 0.0028795853447105457,
  "r3_harmful_source_alpha_mean": 1.6096247499030977e-07,
  "r3_beneficial_source_alpha_mean": 2.453539267617736e-07,
  "r3_positive_regret_rate_nonself": 0.3957317073170732,
  "dataset": "weibo21",
  "seed": 42,
  "split": "val",
  "selector_mode": "regret_soft_pad_only",
  "reliability_signal": null,
  "reliability_lambda": null,
  "reliability_gating": "distance",
  "reliability_stats_mode": "prefit",
  "reliability_ema_momentum": 0.9,
  "regret_lambda": 0.0,
  "route_balance_lambda": 0.0,
  "regret_margin": 0.0,
  "router_tau_start": 2.0,
  "router_tau_end": 1.0,
  "adapter_dim": 64,
  "router_hidden": 128,
  "eval_total_epochs": 5,
  "variant_tag": "regret_soft_pad_only",
  "checkpoint": "/root/autodl-tmp/panda_repro/panda/param_model/FTmodel/checkpoints_by_seed/weibo21_seed42_parameter_panda.pkl",
  "reliability_stats_count": null
}