{
  "rows": [
    {
      "candidate": "original_equal_sum",
      "family": "baseline",
      "role": "primary_baseline",
      "macro_f1": 0.9560859504132231,
      "accuracy": 0.9560975609756097,
      "auc": 0.98737176097303,
      "nll": 0.15835786993816106,
      "ece": 0.027005501929206685,
      "brier": 0.038690032089482476,
      "high_conf_error_rate": 0.02664298401420959,
      "weak_domain_macro_f1": 0.9222693768148313,
      "changed_count": 0,
      "wrong_to_correct": 0,
      "correct_to_wrong": 0,
      "low_margin_count": 419,
      "high_disagreement_count": 154,
      "low_margin_delta_f1": 0.0,
      "high_disagreement_delta_f1": 0.0,
      "weak_delta_f1": 0.0
    },
    {
      "candidate": "scalar_branch_weight_control",
      "family": "control",
      "role": "scalar_weight_control",
      "macro_f1": 0.9560859504132231,
      "accuracy": 0.9560975609756097,
      "auc": 0.98737176097303,
      "nll": 0.15835787424903353,
      "ece": 0.027005501991847584,
      "brier": 0.03869003224105762,
      "high_conf_error_rate": 0.02664298401420959,
      "weak_domain_macro_f1": 0.9222693768148313,
      "changed_count": 0,
      "wrong_to_correct": 0,
      "correct_to_wrong": 0,
      "low_margin_count": 419,
      "high_disagreement_count": 154,
      "low_margin_delta_f1": 0.0,
      "high_disagreement_delta_f1": 0.0,
      "weak_delta_f1": 0.0,
      "meta_selected_by": "train_nll",
      "meta_train_nll": 0.00026026660326262604,
      "meta_weights": "[1.0, 1.0, 1.0]"
    },
    {
      "candidate": "final_only_platt",
      "family": "control",
      "role": "calibration_control",
      "macro_f1": 0.9544511924159385,
      "accuracy": 0.9544715447154472,
      "auc": 0.9873717609730301,
      "nll": 0.1434131212046376,
      "ece": 0.021351279650947082,
      "brier": 0.03852155552855756,
      "high_conf_error_rate": 0.022058823529411766,
      "weak_domain_macro_f1": 0.9136904761904762,
      "changed_count": 3,
      "wrong_to_correct": 1,
      "correct_to_wrong": 2,
      "low_margin_count": 419,
      "high_disagreement_count": 154,
      "low_margin_delta_f1": -0.002478553022200014,
      "high_disagreement_delta_f1": -0.006103546294796813,
      "weak_delta_f1": -0.008578900624355179,
      "meta_fit_split": "train",
      "meta_classifier": "LogisticRegression",
      "meta_input_dim": 1
    },
    {
      "candidate": "shuffled_confidence_feature_gate",
      "family": "control",
      "role": "shuffled_confidence_control",
      "macro_f1": 0.9528330578512396,
      "accuracy": 0.9528455284552846,
      "auc": 0.9874457958751983,
      "nll": 0.15919967311491418,
      "ece": 0.02881930432727963,
      "brier": 0.03916742758240462,
      "high_conf_error_rate": 0.023131672597864767,
      "weak_domain_macro_f1": 0.9136904761904762,
      "changed_count": 2,
      "wrong_to_correct": 0,
      "correct_to_wrong": 2,
      "low_margin_count": 419,
      "high_disagreement_count": 154,
      "low_margin_delta_f1": -0.004803062955660575,
      "high_disagreement_delta_f1": -0.0063997737175504055,
      "weak_delta_f1": -0.008578900624355179,
      "meta_selected_by": "train_nll",
      "meta_train_nll": 0.0002614476912145603,
      "meta_weight_mode": "confidence",
      "meta_beta": 0.5
    },
    {
      "candidate": "r6b_entropy_feature_gate",
      "family": "r6b_feature_gate",
      "role": "primary",
      "macro_f1": 0.951216287678477,
      "accuracy": 0.9512195121951219,
      "auc": 0.9865256478053941,
      "nll": 0.16087542267183566,
      "ece": 0.03168402853048827,
      "brier": 0.03943950019080551,
      "high_conf_error_rate": 0.02664298401420959,
      "weak_domain_macro_f1": 0.9394346237040352,
      "changed_count": 7,
      "wrong_to_correct": 2,
      "correct_to_wrong": 5,
      "low_margin_count": 419,
      "high_disagreement_count": 154,
      "low_margin_delta_f1": -0.007083059300599048,
      "high_disagreement_delta_f1": -0.0075557179393496154,
      "weak_delta_f1": 0.017165246889203845,
      "meta_selected_by": "train_nll",
      "meta_train_nll": 0.0002723849666364431,
      "meta_weight_mode": "entropy",
      "meta_beta": 0.5
    },
    {
      "candidate": "r6b_branch_final_agreement_feature_gate",
      "family": "r6b_feature_gate",
      "role": "proxy_primary",
      "macro_f1": 0.9398316714658543,
      "accuracy": 0.9398373983739837,
      "auc": 0.98034902168165,
      "nll": 0.239779813191029,
      "ece": 0.04387454005027591,
      "brier": 0.047995400654410485,
      "high_conf_error_rate": 0.0328719723183391,
      "weak_domain_macro_f1": 0.9217097862767154,
      "changed_count": 22,
      "wrong_to_correct": 6,
      "correct_to_wrong": 16,
      "low_margin_count": 419,
      "high_disagreement_count": 154,
      "low_margin_delta_f1": -0.023620704649123248,
      "high_disagreement_delta_f1": -0.05014744315402575,
      "weak_delta_f1": -0.0005595905381159394,
      "meta_selected_by": "train_nll",
      "meta_train_nll": 0.00025307393035654553,
      "meta_weight_mode": "inverse_error_proxy",
      "meta_beta": 4.0
    },
    {
      "candidate": "r6b_confidence_feature_gate",
      "family": "r6b_feature_gate",
      "role": "primary",
      "macro_f1": 0.9381746031746032,
      "accuracy": 0.9382113821138212,
      "auc": 0.9830777366472765,
      "nll": 0.20811057740984315,
      "ece": 0.046154795686077596,
      "brier": 0.0501714448657846,
      "high_conf_error_rate": 0.028169014084507043,
      "weak_domain_macro_f1": 0.8878560273666989,
      "changed_count": 23,
      "wrong_to_correct": 6,
      "correct_to_wrong": 17,
      "low_margin_count": 419,
      "high_disagreement_count": 154,
      "low_margin_delta_f1": -0.026598012460244402,
      "high_disagreement_delta_f1": -0.037922513306145045,
      "weak_delta_f1": -0.03441334944813246,
      "meta_selected_by": "train_nll",
      "meta_train_nll": 0.0002536128130435874,
      "meta_weight_mode": "confidence",
      "meta_beta": 4.0
    },
    {
      "candidate": "random_confidence_feature_gate",
      "family": "control",
      "role": "random_confidence_control",
      "macro_f1": 0.9300450494538779,
      "accuracy": 0.9300813008130081,
      "auc": 0.9777895293495504,
      "nll": 0.22745684329473365,
      "ece": 0.04099941253347037,
      "brier": 0.05603621531933224,
      "high_conf_error_rate": 0.038461538461538464,
      "weak_domain_macro_f1": 0.8878560273666989,
      "changed_count": 26,
      "wrong_to_correct": 5,
      "correct_to_wrong": 21,
      "low_margin_count": 419,
      "high_disagreement_count": 154,
      "low_margin_delta_f1": -0.03858663514488958,
      "high_disagreement_delta_f1": -0.077471513525877,
      "weak_delta_f1": -0.03441334944813246,
      "meta_selected_by": "train_nll",
      "meta_train_nll": 0.0024871023580793007,
      "meta_weight_mode": "random",
      "meta_beta": 0.5
    },
    {
      "candidate": "ordinary_final_aux_stacking",
      "family": "control",
      "role": "ordinary_stacking_control",
      "macro_f1": 0.9281358885017421,
      "accuracy": 0.9284552845528455,
      "auc": 0.9265256478053939,
      "nll": 0.5572591380857954,
      "ece": 0.05879795781655693,
      "brier": 0.06738324524835954,
      "high_conf_error_rate": 0.06418918918918919,
      "weak_domain_macro_f1": 0.8789865871833085,
      "changed_count": 31,
      "wrong_to_correct": 7,
      "correct_to_wrong": 24,
      "low_margin_count": 419,
      "high_disagreement_count": 154,
      "low_margin_delta_f1": -0.04263701941503939,
      "high_disagreement_delta_f1": -0.09686152953837046,
      "weak_delta_f1": -0.04328278963152288,
      "meta_fit_split": "train",
      "meta_classifier": "LogisticRegression",
      "meta_input_dim": 7,
      "meta_features": "[\"final_logit\", \"text_logit\", \"image_logit\", \"fusion_logit\", \"branch_disagreement\", \"confidence_uncertainty\", \"final_margin_abs\"]"
    }
  ],
  "decision": {
    "candidate_id": "R6-B",