{
  "variant": "r7a_random_risk_control",
  "family": "R7-A",
  "train_batches": 40,
  "train_loss_first": 1.0105223655700684,
  "train_loss_last": 0.6978646516799927,
  "train_loss_mean": 0.8878074392676354,
  "metrics": {
    "rows": 615,
    "macro_f1": 0.6933286828760534,
    "accuracy": 0.7024390243902439,
    "auc": 0.8270333157059757,
    "nll": 0.5549655794736816,
    "ece": 0.043481573220190944,
    "brier": 0.18803936333405338,
    "high_conf_error_rate": 0.0,
    "weak_domain_macro_f1": 0.7012121212121212
  }
}