{
  "rows": 615,
  "macro_f1": 0.9299360694784086,
  "accuracy": 0.9300813008130081,
  "auc": 0.9883130618720254,
  "brier": 0.048298130910643076,
  "ece": 0.010268484274629591,
  "high_conf_error_rate": 0.011382113821138212,
  "selector_margin_mean": null,
  "r3_effective_source_num_mean": 1.0000062632366893,
  "r3_route_entropy_mean": 6.277315022577191e-06,
  "r3_self_route_weight_mean": 0.9999996873421397,
  "r3_self_top1_ratio": 1.0,
  "r3_alpha_mean_per_source": [
    0.027642312728725534,
    0.03739840327709935,
    0.05040653395745518,
    0.07154473057100796,
    0.10731707400871933,
    0.10243902733893033,
    0.12682926102662154,
    0.1772357452251938,
    0.29918695134150197
  ],
  "r3_top1_source_frequency": [
    0.027642276422764227,
    0.03739837398373984,
    0.05040650406504065,
    0.07154471544715447,
    0.1073170731707317,
    0.1024390243902439,
    0.12682926829268293,
    0.1772357723577236,
    0.2991869918699187
  ],
  "r3_corr_alpha_neg_regret_nonself": 0.009181263813487021,
  "r3_harmful_source_alpha_mean": 1.955806688620787e-07,
  "r3_beneficial_source_alpha_mean": 1.565524464766677e-07,
  "r3_positive_regret_rate_nonself": 0.5558943089430894,
  "dataset": "weibo21",
  "seed": 42,
  "split": "test",
  "selector_mode": "regret_soft_adapter_neg_reliability",
  "reliability_signal": "overconfidence",
  "reliability_lambda": 0.0,
  "reliability_gating": "distance",
  "reliability_stats_mode": "prefit",
  "reliability_ema_momentum": 0.9,
  "regret_lambda": 0.03,
  "route_balance_lambda": 0.0,
  "regret_margin": 0.0,
  "router_tau_start": 2.0,
  "router_tau_end": 1.0,
  "adapter_dim": 64,
  "router_hidden": 128,
  "eval_total_epochs": 5,
  "variant_tag": "regret_soft_adapter_neg_reliability_overconfidence",
  "checkpoint": "/root/autodl-tmp/panda_repro/panda/repro_logs/r3_panda/gate_seed42_eval/checkpoints_regret_soft_adapter_neg_reliability_overconfidence_l0p03/weibo21_seed42_parameter_panda.pkl",
  "reliability_stats_count": null
}