{
  "rows": 615,
  "macro_f1": 0.9167880423103556,
  "accuracy": 0.9170731707317074,
  "auc": 0.9777683765203595,
  "brier": 0.06137615727678729,
  "ece": 0.021597883445958463,
  "high_conf_error_rate": 0.022764227642276424,
  "selector_margin_mean": null,
  "r3_effective_source_num_mean": 1.0000062587784557,
  "r3_route_entropy_mean": 6.272747941693524e-06,
  "r3_self_route_weight_mean": 0.9999996914127008,
  "r3_self_top1_ratio": 1.0,
  "r3_alpha_mean_per_source": [
    0.03577239171762173,
    0.03902441889533771,
    0.05040653395791492,
    0.045528480843219345,
    0.09268293352366114,
    0.10731707416568961,
    0.11382113617174565,
    0.1902438700854422,
    0.32520320415400933
  ],
  "r3_top1_source_frequency": [
    0.03577235772357724,
    0.03902439024390244,
    0.05040650406504065,
    0.04552845528455285,
    0.09268292682926829,
    0.1073170731707317,
    0.11382113821138211,
    0.1902439024390244,
    0.3252032520325203
  ],
  "r3_corr_alpha_neg_regret_nonself": 0.011447063282576692,
  "r3_harmful_source_alpha_mean": 1.94800298665432e-07,
  "r3_beneficial_source_alpha_mean": 1.573016421422458e-07,
  "r3_positive_regret_rate_nonself": 0.5536585365853659,
  "dataset": "weibo21",
  "seed": 42,
  "split": "val",
  "selector_mode": "regret_soft_adapter_neg_reliability",
  "reliability_signal": "overconfidence",
  "reliability_lambda": 0.0,
  "reliability_gating": "distance",
  "reliability_stats_mode": "prefit",
  "reliability_ema_momentum": 0.9,
  "regret_lambda": 0.03,
  "route_balance_lambda": 0.0,
  "regret_margin": 0.0,
  "router_tau_start": 2.0,
  "router_tau_end": 1.0,
  "adapter_dim": 64,
  "router_hidden": 128,
  "eval_total_epochs": 5,
  "variant_tag": "regret_soft_adapter_neg_reliability_overconfidence",
  "checkpoint": "/root/autodl-tmp/panda_repro/panda/repro_logs/r3_panda/gate_seed42_eval/checkpoints_regret_soft_adapter_neg_reliability_overconfidence_l0p03/weibo21_seed42_parameter_panda.pkl",
  "reliability_stats_count": null
}