{
  "rows": [
    {
      "candidate": "original_final",
      "family": "baseline",
      "role": "baseline",
      "macro_f1": 0.9560859504132231,
      "accuracy": 0.9560975609756097,
      "auc": 0.9873717609730301,
      "nll": 0.15835787791284506,
      "ece": 0.02700550260830934,
      "brier": 0.03869003256032713,
      "high_conf_error_rate": 0.02664298401420959,
      "weak_domain_macro_f1": 0.9222693768148313,
      "changed_count": 0,
      "wrong_to_correct": 0,
      "correct_to_wrong": 0,
      "low_margin_count": 419,
      "low_margin_delta_f1": 0.0,
      "weak_delta_f1": 0.0
    },
    {
      "candidate": "final_only_platt",
      "family": "control",
      "role": "calibration_control",
      "macro_f1": 0.9544511924159385,
      "accuracy": 0.9544715447154472,
      "auc": 0.9873717609730301,
      "nll": 0.15440180001915202,
      "ece": 0.04303766411630058,
      "brier": 0.04075120292168555,
      "high_conf_error_rate": 0.010822510822510822,
      "weak_domain_macro_f1": 0.9136904761904762,
      "changed_count": 3,
      "wrong_to_correct": 1,
      "correct_to_wrong": 2,
      "low_margin_count": 419,
      "low_margin_delta_f1": -0.002478553022200014,
      "weak_delta_f1": -0.008578900624355179,
      "meta_classifier": "LogisticRegression",
      "meta_fit_split": "train",
      "meta_input_dim": 1,
      "meta_C": 0.05
    },
    {
      "candidate": "shared_h_final_adapter_control",
      "family": "control",
      "role": "same_param_shared_control",
      "macro_f1": 0.9479673421041499,
      "accuracy": 0.9479674796747968,
      "auc": 0.9847911158117398,
      "nll": 0.1635564613201851,
      "ece": 0.02552295863047989,
      "brier": 0.0407847391138629,
      "high_conf_error_rate": 0.027522935779816515,
      "weak_domain_macro_f1": 0.9307048984468339,
      "changed_count": 15,
      "wrong_to_correct": 5,
      "correct_to_wrong": 10,
      "low_margin_count": 419,
      "low_margin_delta_f1": -0.01178940122381178,
      "weak_delta_f1": 0.008435521632002563,
      "meta_classifier": "LogisticRegression",
      "meta_fit_split": "train",
      "meta_input_dim": 640,
      "meta_C": 0.05
    },
    {
      "candidate": "domain_bias_only_control",
      "family": "control",
      "role": "domain_bias_control",
      "macro_f1": 0.9446977551149949,
      "accuracy": 0.9447154471544715,
      "auc": 0.9868746694870439,
      "nll": 0.15629520160611451,
      "ece": 0.04167681173866693,
      "brier": 0.04168644925581214,
      "high_conf_error_rate": 0.014925373134328358,
      "weak_domain_macro_f1": 0.9136904761904762,
      "changed_count": 7,
      "wrong_to_correct": 0,
      "correct_to_wrong": 7,
      "low_margin_count": 419,
      "low_margin_delta_f1": -0.01684116549315895,
      "weak_delta_f1": -0.008578900624355179,
      "meta_classifier": "LogisticRegression",
      "meta_fit_split": "train",
      "meta_input_dim": 10,
      "meta_C": 0.05,
      "meta_domain_classes": 9
    },
    {
      "candidate": "r6i_true_domain_h_final_adapter",
      "family": "r6i_domain_conditioned_final_adapter",
      "role": "primary",
      "macro_f1": 0.9414632598671686,
      "accuracy": 0.9414634146341463,
      "auc": 0.9820412480169223,
      "nll": 0.16887029899479677,
      "ece": 0.024718077925681432,
      "brier": 0.04567049242017817,
      "high_conf_error_rate": 0.025145067698259187,
      "weak_domain_macro_f1": 0.9219439252336449,
      "changed_count": 21,
      "wrong_to_correct": 6,
      "correct_to_wrong": 15,
      "low_margin_count": 419,
      "low_margin_delta_f1": -0.021323325792958148,
      "weak_delta_f1": -0.00032545158118646444,
      "meta_classifier": "per-domain LogisticRegression",
      "meta_domain_count": 9,
      "meta_fitted_domain_count": 9,
      "meta_C": 0.05
    },
    {
      "candidate": "random_domain_h_final_adapter_control",
      "family": "control",
      "role": "random_domain_control",
      "macro_f1": 0.9398373983739837,
      "accuracy": 0.9398373983739837,
      "auc": 0.9803807509254363,
      "nll": 0.17200645835383158,
      "ece": 0.021740621572086092,
      "brier": 0.046510588515766595,
      "high_conf_error_rate": 0.02186878727634195,
      "weak_domain_macro_f1": 0.9219439252336449,
      "changed_count": 20,
      "wrong_to_correct": 5,
      "correct_to_wrong": 15,
      "low_margin_count": 419,
      "low_margin_delta_f1": -0.02373870893141139,
      "weak_delta_f1": -0.00032545158118646444,
      "meta_classifier": "per-domain LogisticRegression",
      "meta_domain_count": 9,
      "meta_fitted_domain_count": 9,
      "meta_C": 0.05,
      "meta_control": "permuted_train_domain_random_val_domain"
    }
  ],
  "decision": {
    "candidate_id": "R6-I",
    "gate": "domain_conditioned_final_adapter",
    "status": "No-Go",
    "training_allowed": false,
    "test_used_for_decision": false,
    "best_primary": "r6i_true_domain_h_final_adapter",
    "best_control": "original_final",
    "reference_macro_f1": 0.9560859504132231,
    "reference_accuracy": 0.9560975609756097,
    "best_primary_macro_f1": 0.9414632598671686,
    "best_primary_accuracy": 0.9414634146341463,
    "best_primary_wrong_to_correct": 6,
    "best_primary_correct_to_wrong": 15,
    "best_control_macro_f1": 0.9560859504132231,
    "best_control_accuracy": 0.9560975609756097,
    "reasons": [
      "best_primary_below_original_final",
      "best_primary_flip_not_net_positive",
      "best_control_matches_or_beats_primary"
    ]
  }
}