{
  "variant": "r7d_static_aux_2p0_control",
  "family": "R7-D",
  "train_batches": 40,
  "train_loss_first": 1.227064609527588,
  "train_loss_last": 0.7356144189834595,
  "train_loss_mean": 1.0828056320548058,
  "metrics": {
    "rows": 615,
    "macro_f1": 0.7365207891523682,
    "accuracy": 0.7398373983739838,
    "auc": 0.8371972501322051,
    "nll": 0.5418739900927143,
    "ece": 0.07917980932123292,
    "brier": 0.18011011252975348,
    "high_conf_error_rate": null,
    "weak_domain_macro_f1": 0.7468202001956801
  }
}