{
  "rows": 615,
  "macro_f1": 0.9137299014093827,
  "accuracy": 0.9138211382113821,
  "auc": 0.982876784769963,
  "brier": 0.05950549025715225,
  "ece": 0.033062038572275125,
  "high_conf_error_rate": 0.022764227642276424,
  "selector_margin_mean": null,
  "r3_effective_source_num_mean": 1.000006393688481,
  "r3_route_entropy_mean": 6.369429530326951e-06,
  "r3_self_route_weight_mean": 0.999999651676271,
  "r3_self_top1_ratio": 1.0,
  "r3_alpha_mean_per_source": [
    0.02764231302442123,
    0.03739840365657349,
    0.05040653424237745,
    0.07154473107242346,
    0.10731707436083655,
    0.10243902767804533,
    0.12682926167264633,
    0.17723574554755253,
    0.2991869160967344
  ],
  "r3_top1_source_frequency": [
    0.027642276422764227,
    0.03739837398373984,
    0.05040650406504065,
    0.07154471544715447,
    0.1073170731707317,
    0.1024390243902439,
    0.12682926829268293,
    0.1772357723577236,
    0.2991869918699187
  ],
  "r3_corr_alpha_neg_regret_nonself": 0.0007041174795377657,
  "r3_harmful_source_alpha_mean": 1.9454630855013266e-07,
  "r3_beneficial_source_alpha_mean": 1.6112903157996824e-07,
  "r3_positive_regret_rate_nonself": 0.5469512195121952,
  "dataset": "weibo21",
  "seed": 42,
  "split": "test",
  "selector_mode": "regret_soft_adapter_neg_reliability",
  "reliability_signal": "random",
  "reliability_lambda": 0.0,
  "reliability_gating": "distance",
  "reliability_stats_mode": "prefit",
  "reliability_ema_momentum": 0.9,
  "regret_lambda": 0.03,
  "route_balance_lambda": 0.0,
  "regret_margin": 0.0,
  "router_tau_start": 2.0,
  "router_tau_end": 1.0,
  "adapter_dim": 64,
  "router_hidden": 128,
  "eval_total_epochs": 5,
  "variant_tag": "regret_soft_adapter_neg_reliability_random",
  "checkpoint": "/root/autodl-tmp/panda_repro/panda/repro_logs/r3_panda/gate_seed42_eval/checkpoints_regret_soft_adapter_neg_reliability_random_l0p03/weibo21_seed42_parameter_panda.pkl",
  "reliability_stats_count": null
}