{
  "rows": 615,
  "macro_f1": 0.9154200960582274,
  "accuracy": 0.9154471544715447,
  "auc": 0.9774087784241142,
  "brier": 0.0608827345616301,
  "ece": 0.03434755752340854,
  "high_conf_error_rate": 0.022764227642276424,
  "selector_margin_mean": null,
  "r3_effective_source_num_mean": 1.000006392913136,
  "r3_route_entropy_mean": 6.368529274020953e-06,
  "r3_self_route_weight_mean": 0.9999996526454522,
  "r3_self_top1_ratio": 1.0,
  "r3_alpha_mean_per_source": [
    0.03577239201306695,
    0.03902441927796941,
    0.050406534246209375,
    0.04552848136145507,
    0.09268293388668673,
    0.10731707450550791,
    0.11382113682949735,
    0.19024387040581356,
    0.32520316579889663
  ],
  "r3_top1_source_frequency": [
    0.03577235772357724,
    0.03902439024390244,
    0.05040650406504065,
    0.04552845528455285,
    0.09268292682926829,
    0.1073170731707317,
    0.11382113821138211,
    0.1902439024390244,
    0.3252032520325203
  ],
  "r3_corr_alpha_neg_regret_nonself": 0.010038666402590185,
  "r3_harmful_source_alpha_mean": 1.8386962000873586e-07,
  "r3_beneficial_source_alpha_mean": 1.7181003059709926e-07,
  "r3_positive_regret_rate_nonself": 0.516869918699187,
  "dataset": "weibo21",
  "seed": 42,
  "split": "val",
  "selector_mode": "regret_soft_adapter_neg_reliability",
  "reliability_signal": "random",
  "reliability_lambda": 0.0,
  "reliability_gating": "distance",
  "reliability_stats_mode": "prefit",
  "reliability_ema_momentum": 0.9,
  "regret_lambda": 0.03,
  "route_balance_lambda": 0.0,
  "regret_margin": 0.0,
  "router_tau_start": 2.0,
  "router_tau_end": 1.0,
  "adapter_dim": 64,
  "router_hidden": 128,
  "eval_total_epochs": 5,
  "variant_tag": "regret_soft_adapter_neg_reliability_random",
  "checkpoint": "/root/autodl-tmp/panda_repro/panda/repro_logs/r3_panda/gate_seed42_eval/checkpoints_regret_soft_adapter_neg_reliability_random_l0p03/weibo21_seed42_parameter_panda.pkl",
  "reliability_stats_count": null
}