{
  "rows": 615,
  "macro_f1": 0.9268261728303663,
  "accuracy": 0.926829268292683,
  "auc": 0.9771655208884188,
  "brier": 0.05622695857035819,
  "ece": 0.025949642740318295,
  "high_conf_error_rate": 0.02926829268292683,
  "selector_margin_mean": null,
  "r3_effective_source_num_mean": 1.0000063838028326,
  "r3_route_entropy_mean": 6.3672205303701936e-06,
  "r3_self_route_weight_mean": 0.9999996526454522,
  "r3_self_top1_ratio": 1.0,
  "r3_alpha_mean_per_source": [
    0.035772392001118605,
    0.039024419295645686,
    0.05040653423895,
    0.04552848130594797,
    0.09268293387996336,
    0.10731707447301293,
    0.11382113676707079,
    0.19024387047736604,
    0.325203165803941
  ],
  "r3_top1_source_frequency": [
    0.03577235772357724,
    0.03902439024390244,
    0.05040650406504065,
    0.04552845528455285,
    0.09268292682926829,
    0.1073170731707317,
    0.11382113821138211,
    0.1902439024390244,
    0.3252032520325203
  ],
  "r3_corr_alpha_neg_regret_nonself": 0.0351964652632066,
  "r3_harmful_source_alpha_mean": 1.9126864585458626e-07,
  "r3_beneficial_source_alpha_mean": 1.6432891797304305e-07,
  "r3_positive_regret_rate_nonself": 0.5382113821138211,
  "dataset": "weibo21",
  "seed": 42,
  "split": "val",
  "selector_mode": "regret_soft_adapter_l0",
  "reliability_signal": null,
  "reliability_lambda": null,
  "reliability_gating": "distance",
  "reliability_stats_mode": "prefit",
  "reliability_ema_momentum": 0.9,
  "regret_lambda": 0.0,
  "route_balance_lambda": 0.0,
  "regret_margin": 0.0,
  "router_tau_start": 2.0,
  "router_tau_end": 1.0,
  "adapter_dim": 64,
  "router_hidden": 128,
  "eval_total_epochs": 5,
  "variant_tag": "regret_soft_adapter_l0",
  "checkpoint": "/root/autodl-tmp/panda_repro/panda/repro_logs/r3_panda/gate_seed42_eval/checkpoints_regret_soft_adapter_l0/weibo21_seed42_parameter_panda.pkl",
  "reliability_stats_count": null
}