rows,macro_f1,accuracy,auc,brier,ece,high_conf_error_rate,selector_margin_mean,r3_effective_source_num_mean,r3_route_entropy_mean,r3_self_route_weight_mean,r3_self_top1_ratio,r3_alpha_mean_per_source,r3_top1_source_frequency,r3_corr_alpha_neg_regret_nonself,r3_harmful_source_alpha_mean,r3_beneficial_source_alpha_mean,r3_positive_regret_rate_nonself,dataset,seed,split,selector_mode,reliability_signal,reliability_lambda,reliability_gating,reliability_stats_mode,reliability_ema_momentum,regret_lambda,route_balance_lambda,regret_margin,router_tau_start,router_tau_end,adapter_dim,router_hidden,eval_total_epochs,variant_tag,checkpoint,reliability_stats_count
615,0.9268261728303663,0.926829268292683,0.9771655208884188,0.05622695857035819,0.025949642740318295,0.02926829268292683,,1.0000063838028326,6.3672205303701936e-06,0.9999996526454522,1.0,"[0.035772392001118605, 0.039024419295645686, 0.05040653423895, 0.04552848130594797, 0.09268293387996336, 0.10731707447301293, 0.11382113676707079, 0.19024387047736604, 0.325203165803941]","[0.03577235772357724, 0.03902439024390244, 0.05040650406504065, 0.04552845528455285, 0.09268292682926829, 0.1073170731707317, 0.11382113821138211, 0.1902439024390244, 0.3252032520325203]",0.0351964652632066,1.9126864585458626e-07,1.6432891797304305e-07,0.5382113821138211,weibo21,42,val,regret_soft_adapter_l0,,,distance,prefit,0.9,0.0,0.0,0.0,2.0,1.0,64,128,5,regret_soft_adapter_l0,/root/autodl-tmp/panda_repro/panda/repro_logs/r3_panda/gate_seed42_eval/checkpoints_regret_soft_adapter_l0/weibo21_seed42_parameter_panda.pkl,
615,0.9398367621046955,0.9398373983739837,0.9830777366472766,0.05052390990083097,0.023592762863209063,0.024390243902439025,,1.0000063876795575,6.368569982412264e-06,0.999999651676271,1.0,"[0.02764231301575654, 0.03739840367718477, 0.05040653423840527, 0.07154473101998156, 0.10731707435734665, 0.10243902764873566, 0.12682926161332855, 0.17723574562198127, 0.2991869161050062]","[0.027642276422764227, 0.03739837398373984, 0.05040650406504065, 0.07154471544715447, 0.1073170731707317, 0.1024390243902439, 0.12682926829268293, 0.1772357723577236, 0.2991869918699187]",0.058283634544316544,1.9556780340559174e-07,1.6005365163010997e-07,0.5504065040650407,weibo21,42,test,regret_soft_adapter_l0,,,distance,prefit,0.9,0.0,0.0,0.0,2.0,1.0,64,128,5,regret_soft_adapter_l0,/root/autodl-tmp/panda_repro/panda/repro_logs/r3_panda/gate_seed42_eval/checkpoints_regret_soft_adapter_l0/weibo21_seed42_parameter_panda.pkl,
