{
  "rows": 615,
  "macro_f1": 0.9398367621046955,
  "accuracy": 0.9398373983739837,
  "auc": 0.9830777366472766,
  "brier": 0.05052390990083097,
  "ece": 0.023592762863209063,
  "high_conf_error_rate": 0.024390243902439025,
  "selector_margin_mean": null,
  "r3_effective_source_num_mean": 1.0000063876795575,
  "r3_route_entropy_mean": 6.368569982412264e-06,
  "r3_self_route_weight_mean": 0.999999651676271,
  "r3_self_top1_ratio": 1.0,
  "r3_alpha_mean_per_source": [
    0.02764231301575654,
    0.03739840367718477,
    0.05040653423840527,
    0.07154473101998156,
    0.10731707435734665,
    0.10243902764873566,
    0.12682926161332855,
    0.17723574562198127,
    0.2991869161050062
  ],
  "r3_top1_source_frequency": [
    0.027642276422764227,
    0.03739837398373984,
    0.05040650406504065,
    0.07154471544715447,
    0.1073170731707317,
    0.1024390243902439,
    0.12682926829268293,
    0.1772357723577236,
    0.2991869918699187
  ],
  "r3_corr_alpha_neg_regret_nonself": 0.058283634544316544,
  "r3_harmful_source_alpha_mean": 1.9556780340559174e-07,
  "r3_beneficial_source_alpha_mean": 1.6005365163010997e-07,
  "r3_positive_regret_rate_nonself": 0.5504065040650407,
  "dataset": "weibo21",
  "seed": 42,
  "split": "test",
  "selector_mode": "regret_soft_adapter_l0",
  "reliability_signal": null,
  "reliability_lambda": null,
  "reliability_gating": "distance",
  "reliability_stats_mode": "prefit",
  "reliability_ema_momentum": 0.9,
  "regret_lambda": 0.0,
  "route_balance_lambda": 0.0,
  "regret_margin": 0.0,
  "router_tau_start": 2.0,
  "router_tau_end": 1.0,
  "adapter_dim": 64,
  "router_hidden": 128,
  "eval_total_epochs": 5,
  "variant_tag": "regret_soft_adapter_l0",
  "checkpoint": "/root/autodl-tmp/panda_repro/panda/repro_logs/r3_panda/gate_seed42_eval/checkpoints_regret_soft_adapter_l0/weibo21_seed42_parameter_panda.pkl",
  "reliability_stats_count": null
}