{
  "rows": 615,
  "macro_f1": 0.9316275967219363,
  "accuracy": 0.9317073170731708,
  "auc": 0.9854151242728715,
  "brier": 0.047902408064242064,
  "ece": 0.021729015934977225,
  "high_conf_error_rate": 0.01951219512195122,
  "selector_margin_mean": null,
  "r3_effective_source_num_mean": 1.000006492544965,
  "r3_route_entropy_mean": 6.440277004772296e-06,
  "r3_self_route_weight_mean": 0.9999996423721313,
  "r3_self_top1_ratio": 1.0,
  "r3_alpha_mean_per_source": [
    0.027642310171516433,
    0.03739840418980479,
    0.05040652863801678,
    0.07154473152127351,
    0.10731707476386386,
    0.1024390280626416,
    0.12682926215621546,
    0.1772357459775414,
    0.29918691643156825
  ],
  "r3_top1_source_frequency": [
    0.027642276422764227,
    0.03739837398373984,
    0.05040650406504065,
    0.07154471544715447,
    0.1073170731707317,
    0.1024390243902439,
    0.12682926829268293,
    0.1772357723577236,
    0.2991869918699187
  ],
  "r3_corr_alpha_neg_regret_nonself": -0.004467200386274047,
  "r3_harmful_source_alpha_mean": 2.014734998556193e-07,
  "r3_beneficial_source_alpha_mean": 1.5806681126488865e-07,
  "r3_positive_regret_rate_nonself": 0.5603658536585366,
  "dataset": "weibo21",
  "seed": 42,
  "split": "test",
  "selector_mode": "regret_soft_adapter_neg_shuffled",
  "reliability_signal": null,
  "reliability_lambda": null,
  "reliability_gating": "distance",
  "reliability_stats_mode": "prefit",
  "reliability_ema_momentum": 0.9,
  "regret_lambda": 0.03,
  "route_balance_lambda": 0.0,
  "regret_margin": 0.0,
  "router_tau_start": 2.0,
  "router_tau_end": 1.0,
  "adapter_dim": 64,
  "router_hidden": 128,
  "eval_total_epochs": 5,
  "variant_tag": "regret_soft_adapter_neg_shuffled",
  "checkpoint": "/root/autodl-tmp/panda_repro/panda/repro_logs/r3_panda/gate_seed42_eval/checkpoints_regret_soft_adapter_neg_shuffled_l0p03/weibo21_seed42_parameter_panda.pkl",
  "reliability_stats_count": null
}