{
  "rows": 615,
  "macro_f1": 0.9446509116320437,
  "accuracy": 0.9447154471544715,
  "auc": 0.9807615018508725,
  "brier": 0.04943722381934781,
  "ece": 0.04129757891191177,
  "high_conf_error_rate": 0.030894308943089432,
  "selector_margin_mean": null,
  "r3_effective_source_num_mean": 1.0000064942894913,
  "r3_route_entropy_mean": 6.440421435488643e-06,
  "r3_self_route_weight_mean": 0.9999996423721313,
  "r3_self_top1_ratio": 1.0,
  "r3_alpha_mean_per_source": [
    0.03577238818737211,
    0.03902441981126937,
    0.05040652864217267,
    0.04552848182347635,
    0.09268293429692798,
    0.10731707488824123,
    0.1138211373203286,
    0.19024387083019112,
    0.3252031661215281
  ],
  "r3_top1_source_frequency": [
    0.03577235772357724,
    0.03902439024390244,
    0.05040650406504065,
    0.04552845528455285,
    0.09268292682926829,
    0.1073170731707317,
    0.11382113821138211,
    0.1902439024390244,
    0.3252032520325203
  ],
  "r3_corr_alpha_neg_regret_nonself": 0.0030194605943160238,
  "r3_harmful_source_alpha_mean": 1.9587895920843158e-07,
  "r3_beneficial_source_alpha_mean": 1.6367041673323747e-07,
  "r3_positive_regret_rate_nonself": 0.5447154471544715,
  "dataset": "weibo21",
  "seed": 42,
  "split": "val",
  "selector_mode": "regret_soft_adapter_neg_shuffled",
  "reliability_signal": null,
  "reliability_lambda": null,
  "reliability_gating": "distance",
  "reliability_stats_mode": "prefit",
  "reliability_ema_momentum": 0.9,
  "regret_lambda": 0.03,
  "route_balance_lambda": 0.0,
  "regret_margin": 0.0,
  "router_tau_start": 2.0,
  "router_tau_end": 1.0,
  "adapter_dim": 64,
  "router_hidden": 128,
  "eval_total_epochs": 5,
  "variant_tag": "regret_soft_adapter_neg_shuffled",
  "checkpoint": "/root/autodl-tmp/panda_repro/panda/repro_logs/r3_panda/gate_seed42_eval/checkpoints_regret_soft_adapter_neg_shuffled_l0p03/weibo21_seed42_parameter_panda.pkl",
  "reliability_stats_count": null
}