seed,macro_f1,acc,auc,support
42,0.944695054969,0.944709897611,0.986768755457,1465
2024,0.937882917115,0.937883959044,0.985401228349,1465
2026,0.941978548954,0.941979522184,0.987487033679,1465
