seed,macro_f1,acc,auc,support
42,0.954465645625,0.954471544715,0.988598625066,615
2024,0.947960737858,0.947967479675,0.98874669487,615
2026,0.93982721645,0.939837398374,0.986250661026,615
