{
  "run": {
    "dataset": "weibo",
    "model_name": "FTmodel",
    "seed": 2026,
    "batchsize": 32,
    "lr": 0.0001,
    "epoch_arg": 50,
    "early_stop": 6,
    "checkpoint": "param_model/FTmodel/checkpoints_by_seed/weibo_seed2026_parameter_panda.pkl",
    "train_log": "logs/weibo_panda_seed2026_bs32_lr1e-4.log",
    "prediction_export_seed": 2026,
    "export_time": "2026-05-21 23:38:20"
  },
  "independent_recomputed_test": {
    "support": 1465,
    "auc": 0.987487033679,
    "macro_f1": 0.941978548954,
    "macro_recall": 0.942818523742,
    "macro_precision": 0.942615384615,
    "acc": 0.941979522184,
    "confusion_matrix_labels_0_1": [
      [
        687,
        22
      ],
      [
        63,
        693
      ]
    ]
  },
  "by_category": {
    "经济": {
      "support": 49,
      "precision_macro": 0.934783,
      "recall_macro": 0.948276,
      "f1_macro": 0.937844,
      "acc": 0.938776,
      "auc": 0.982759
    },
    "健康": {
      "support": 116,
      "precision_macro": 0.923214,
      "recall_macro": 0.922837,
      "f1_macro": 0.922408,
      "acc": 0.922414,
      "auc": 0.987214
    },
    "军事": {
      "support": 23,
      "precision_macro": 0.867424,
      "recall_macro": 0.873077,
      "f1_macro": 0.868571,
      "acc": 0.869565,
      "auc": 0.976923
    },
    "科学": {
      "support": 52,
      "precision_macro": 0.83592,
      "recall_macro": 0.772973,
      "f1_macro": 0.794872,
      "acc": 0.846154,
      "auc": 0.967568
    },
    "政治": {
      "support": 34,
      "precision_macro": 0.852941,
      "recall_macro": 0.864286,
      "f1_macro": 0.851787,
      "acc": 0.852941,
      "auc": 0.903571
    },
    "国际": {
      "support": 9,
      "precision_macro": 1.0,
      "recall_macro": 1.0,
      "f1_macro": 1.0,
      "acc": 1.0,
      "auc": 1.0
    },
    "教育": {
      "support": 80,
      "precision_macro": 0.952381,
      "recall_macro": 0.933048,
      "f1_macro": 0.941818,
      "acc": 0.95,
      "auc": 0.982906
    },
    "娱乐": {
      "support": 459,
      "precision_macro": 0.9526,
      "recall_macro": 0.910767,
      "f1_macro": 0.929138,
      "acc": 0.947712,
      "auc": 0.975713
    },
    "社会": {
      "support": 643,
      "precision_macro": 0.936956,
      "recall_macro": 0.950885,
      "f1_macro": 0.94358,
      "acc": 0.954899,
      "auc": 0.992879
    }
  }
}