{
  "rows": [
    {
      "candidate": "shuffled_confidence_evidence_gate",
      "family": "control",
      "role": "shuffled_confidence_control",
      "macro_f1": 0.9609705533931292,
      "accuracy": 0.9609756097560975,
      "auc": 0.987530407191962,
      "nll": 0.1545317081171179,
      "ece": 0.029062405810330365,
      "brier": 0.037216087698039586,
      "high_conf_error_rate": 0.02486678507992895,
      "weak_domain_macro_f1": 0.9480286738351255,
      "changed_count": 3,
      "wrong_to_correct": 3,
      "correct_to_wrong": 0,
      "low_margin_count": 419,
      "high_disagreement_count": 154,
      "low_margin_delta_f1": 0.007264364258088851,
      "high_disagreement_delta_f1": 0.019250411063311046,
      "weak_delta_f1": 0.025759297020294114,
      "meta_selected_by": "train_nll",
      "meta_train_nll": 0.0002602067224740764,
      "meta_source": "confidence",
      "meta_beta": 4.0,
      "meta_lambda": -2.0,
      "meta_margin_temperature": 2.0
    },
    {
      "candidate": "original_final",
      "family": "baseline",
      "role": "primary_baseline",
      "macro_f1": 0.9560859504132231,
      "accuracy": 0.9560975609756097,
      "auc": 0.9873717609730301,
      "nll": 0.15835787791284506,
      "ece": 0.02700550260830934,
      "brier": 0.03869003256032713,
      "high_conf_error_rate": 0.02664298401420959,
      "weak_domain_macro_f1": 0.9222693768148313,
      "changed_count": 0,
      "wrong_to_correct": 0,
      "correct_to_wrong": 0,
      "low_margin_count": 419,
      "high_disagreement_count": 154,
      "low_margin_delta_f1": 0.0,
      "high_disagreement_delta_f1": 0.0,
      "weak_delta_f1": 0.0
    },
    {
      "candidate": "scalar_weight_final_aux",
      "family": "control",
      "role": "scalar_weight_control",
      "macro_f1": 0.9560859504132231,
      "accuracy": 0.9560975609756097,
      "auc": 0.9873717609730301,
      "nll": 0.15835787791284506,
      "ece": 0.02700550260830934,
      "brier": 0.03869003256032713,
      "high_conf_error_rate": 0.02664298401420959,
      "weak_domain_macro_f1": 0.9222693768148313,
      "changed_count": 0,
      "wrong_to_correct": 0,
      "correct_to_wrong": 0,
      "low_margin_count": 419,
      "high_disagreement_count": 154,
      "low_margin_delta_f1": 0.0,
      "high_disagreement_delta_f1": 0.0,
      "weak_delta_f1": 0.0,
      "meta_selected_by": "train_nll",
      "meta_train_nll": 0.0002602666066591421,
      "meta_weights": "[1.0, 0.0, 0.0, 0.0]"
    },
    {
      "candidate": "final_only_platt",
      "family": "control",
      "role": "calibration_control",
      "macro_f1": 0.9544511924159385,
      "accuracy": 0.9544715447154472,
      "auc": 0.9873717609730301,
      "nll": 0.1434131212046376,
      "ece": 0.021351279650947082,
      "brier": 0.03852155552855756,
      "high_conf_error_rate": 0.022058823529411766,
      "weak_domain_macro_f1": 0.9136904761904762,
      "changed_count": 3,
      "wrong_to_correct": 1,
      "correct_to_wrong": 2,
      "low_margin_count": 419,
      "high_disagreement_count": 154,
      "low_margin_delta_f1": -0.002478553022200014,
      "high_disagreement_delta_f1": -0.006103546294796813,
      "weak_delta_f1": -0.008578900624355179,
      "meta_fit_split": "train",
      "meta_classifier": "LogisticRegression",
      "meta_input_dim": 1
    },
    {
      "candidate": "aux_logit_mean",
      "family": "control",
      "role": "branch_only_control",
      "macro_f1": 0.9511822107446763,
      "accuracy": 0.9512195121951219,
      "auc": 0.9865679534637758,
      "nll": 0.15605548596245908,
      "ece": 0.022306831770424924,
      "brier": 0.04079149811495805,
      "high_conf_error_rate": 0.022018348623853212,
      "weak_domain_macro_f1": 0.9137674695212608,
      "changed_count": 9,
      "wrong_to_correct": 3,
      "correct_to_wrong": 6,
      "low_margin_count": 419,
      "high_disagreement_count": 154,
      "low_margin_delta_f1": -0.007409170717657676,
      "high_disagreement_delta_f1": -0.01250493129175323,
      "weak_delta_f1": -0.008501907293570587
    },
    {
      "candidate": "branch_only_stacking",
      "family": "control",
      "role": "branch_only_control",
      "macro_f1": 0.9495801652892562,
      "accuracy": 0.9495934959349593,
      "auc": 0.9862823902696987,
      "nll": 0.15095574420057364,
      "ece": 0.027529078644360966,
      "brier": 0.04111422190913772,
      "high_conf_error_rate": 0.02214022140221402,
      "weak_domain_macro_f1": 0.9136904761904762,
      "changed_count": 8,
      "wrong_to_correct": 2,
      "correct_to_wrong": 6,
      "low_margin_count": 419,
      "high_disagreement_count": 154,
      "low_margin_delta_f1": -0.00960612591132104,
      "high_disagreement_delta_f1": -0.013128729752770685,
      "weak_delta_f1": -0.008578900624355179,
      "meta_fit_split": "train",
      "meta_classifier": "LogisticRegression",
      "meta_input_dim": 3,
      "meta_features": "[\"text_logit\", \"image_logit\", \"fusion_logit\"]"
    },
    {
      "candidate": "r6b_confidence_evidence_gate",
      "family": "r6b_evidence_gate",
      "role": "primary",
      "macro_f1": 0.949567361234191,
      "accuracy": 0.9495934959349593,
      "auc": 0.9859122157588578,
      "nll": 0.18012611071887788,
      "ece": 0.034163969318252566,
      "brier": 0.04147706071207195,
      "high_conf_error_rate": 0.031578947368421054,
      "weak_domain_macro_f1": 0.9051089462333606,
      "changed_count": 10,
      "wrong_to_correct": 3,
      "correct_to_wrong": 7,
      "low_margin_count": 419,
      "high_disagreement_count": 154,
      "low_margin_delta_f1": -0.00972193412532496,
      "high_disagreement_delta_f1": -0.019183768828452963,
      "weak_delta_f1": -0.017160430581470765,
      "meta_selected_by": "train_nll",
      "meta_train_nll": 0.000250618971950626,
      "meta_source": "confidence",
      "meta_beta": 8.0,
      "meta_lambda": 2.0,
      "meta_margin_temperature": 4.0
    },
    {
      "candidate": "r6b_entropy_evidence_gate",
      "family": "r6b_evidence_gate",
      "role": "primary",
      "macro_f1": 0.9479365079365079,
      "accuracy": 0.9479674796747968,
      "auc": 0.9851295610787942,
      "nll": 0.20488661701901892,
      "ece": 0.037290059204426615,
      "brier": 0.04621205784476197,
      "high_conf_error_rate": 0.03773584905660377,
      "weak_domain_macro_f1": 0.9051089462333606,
      "changed_count": 11,
      "wrong_to_correct": 3,
      "correct_to_wrong": 8,
      "low_margin_count": 419,
      "high_disagreement_count": 154,
      "low_margin_delta_f1": -0.012159445289893434,
      "high_disagreement_delta_f1": -0.025571281198422224,
      "weak_delta_f1": -0.017160430581470765,
      "meta_selected_by": "train_nll",
      "meta_train_nll": 0.00023772380317272905,
      "meta_source": "entropy",
      "meta_beta": 8.0,
      "meta_lambda": 2.0,
      "meta_margin_temperature": 4.0
    },
    {
      "candidate": "random_confidence_evidence_gate",
      "family": "control",
      "role": "random_confidence_control",
      "macro_f1": 0.9365524867139823,
      "accuracy": 0.9365853658536586,
      "auc": 0.9863035430988895,
      "nll": 0.18476040529052085,
      "ece": 0.042311563114197134,
      "brier": 0.048179249129608186,
      "high_conf_error_rate": 0.03633217993079585,
      "weak_domain_macro_f1": 0.8964285714285715,
      "changed_count": 16,
      "wrong_to_correct": 2,
      "correct_to_wrong": 14,
      "low_margin_count": 419,
      "high_disagreement_count": 154,
      "low_margin_delta_f1": -0.028965068138368077,
      "high_disagreement_delta_f1": -0.0711188215024533,
      "weak_delta_f1": -0.02584080538625988,
      "meta_selected_by": "train_nll",
      "meta_train_nll": 0.0002578922838952588,
      "meta_source": "random",
      "meta_beta": 8.0,
      "meta_lambda": 2.0,
      "meta_margin_temperature": 2.0
    },
    {
      "candidate": "ordinary_final_aux_stacking",
      "family": "control",