{
  "dataset": "weibo21",
  "seed": 42,
  "decision": "No-Go",
  "test_file_exists_but_not_read": false,
  "test_used_for_decision": false,
  "baseline": {
    "macro_f1": 0.9560859504132231,
    "accuracy": 0.9560975609756097,
    "auc": 0.9873717609730301,
    "ece": 0.027005501896482164,
    "brier": 0.03869003231169586,
    "high_conf_error_rate": 0.02664298401420959,
    "weak_domain_macro_f1": 0.9222693768148313
  },
  "best_primary_variant": "source_utility_top2_residual",
  "best_primary": {
    "macro_f1": 0.951216287678477,
    "accuracy": 0.9512195121951219,
    "auc": 0.9877102062400845,
    "ece": 0.0247015957656165,
    "brier": 0.0408788163396639,
    "high_conf_error_rate": 0.023255813953488372,
    "weak_domain_macro_f1": 0.9222693768148313,
    "support_better_count": 3.0,
    "flip_rate_vs_anchor": 0.011382113821138212
  },
  "best_control_variant": "anchor_platt",
  "best_control": {
    "macro_f1": 0.9544511924159385,
    "accuracy": 0.9544715447154472,
    "auc": 0.9873717609730301,
    "ece": 0.02048881252838282,
    "brier": 0.03851372182659788,
    "high_conf_error_rate": 0.022058823529411766,
    "weak_domain_macro_f1": 0.9136904761904762,
    "support_better_count": 3.0,
    "flip_rate_vs_anchor": 0.004878048780487805
  },
  "go_criteria": [
    "source top2 residual val Macro-F1 and Accuracy do not fall below anchor",
    "at least one primary metric improves by >=0.1pp",
    "at least two support metrics improve",
    "anchor/aux/bottom/shuffled/self/duplicate/random controls do not match or exceed the source residual"
  ]
}