{
  "rows": [
    {
      "candidate": "final_only_platt",
      "role": "calibration_control",
      "family": "control",
      "macro_f1": 0.9479640401903755,
      "accuracy": 0.9479674796747968,
      "auc": 0.984188260179799,
      "nll": 0.1608433923690372,
      "ece": 0.0188049458261957,
      "brier": 0.04422147754729037,
      "high_conf_error_rate": 0.019083969465648856,
      "weak_domain_macro_f1": 0.9133811230585425,
      "changed_count": 12,
      "wrong_to_correct": 8,
      "correct_to_wrong": 4,
      "high_conf_correct_to_wrong": 0,
      "low_margin_count": 407,
      "low_margin_delta_f1": 0.009258896406766692,
      "weak_delta_f1": -0.008328663218172938,
      "meta_fit_split": "train",
      "meta_classifier": "LogisticRegression",
      "meta_input_dim": 1
    },
    {
      "candidate": "same_param_global_h_collab_control",
      "role": "same_param_control",
      "family": "control",
      "macro_f1": 0.9479640401903755,
      "accuracy": 0.9479674796747968,
      "auc": 0.983955579058699,
      "nll": 0.16194132896978317,
      "ece": 0.01881237927121803,
      "brier": 0.044331883216424735,
      "high_conf_error_rate": 0.019120458891013385,
      "weak_domain_macro_f1": 0.9048258372491982,
      "changed_count": 12,
      "wrong_to_correct": 8,
      "correct_to_wrong": 4,
      "high_conf_correct_to_wrong": 0,
      "low_margin_count": 407,
      "low_margin_delta_f1": 0.009258896406766692,
      "weak_delta_f1": -0.01688394902751722,
      "meta_fit_split": "train",
      "meta_classifier": "LogisticRegression",
      "meta_input_dim": 10,
      "meta_pca_dim": 8,
      "meta_explained_variance_ratio_sum": 0.9999960660934448,
      "meta_feature_source": "h_collab"
    },
    {
      "candidate": "random_mask_h_di_control",
      "role": "random_mask_control",
      "family": "control",
      "macro_f1": 0.9463363556317079,
      "accuracy": 0.9463414634146341,
      "auc": 0.9839873083024855,
      "nll": 0.1656664419934218,
      "ece": 0.027407787866732026,
      "brier": 0.04485666310569862,
      "high_conf_error_rate": 0.0225140712945591,
      "weak_domain_macro_f1": 0.9133811230585425,
      "changed_count": 13,
      "wrong_to_correct": 8,
      "correct_to_wrong": 5,
      "high_conf_correct_to_wrong": 0,
      "low_margin_count": 407,
      "low_margin_delta_f1": 0.006650251937952878,
      "weak_delta_f1": -0.008328663218172938,
      "meta_fit_split": "train",
      "meta_classifier": "LogisticRegression",
      "meta_input_dim": 10,
      "meta_pca_dim": 8,
      "meta_explained_variance_ratio_sum": 0.9247791171073914,
      "meta_feature_source": "h_di"
    },
    {
      "candidate": "random_mask_h_collab_control",
      "role": "random_mask_control",
      "family": "control",
      "macro_f1": 0.9463363556317079,
      "accuracy": 0.9463414634146341,
      "auc": 0.9836805922792173,
      "nll": 0.16206034433338753,
      "ece": 0.01868261498005507,
      "brier": 0.04430097359911812,
      "high_conf_error_rate": 0.019120458891013385,
      "weak_domain_macro_f1": 0.9048258372491982,
      "changed_count": 13,
      "wrong_to_correct": 8,
      "correct_to_wrong": 5,
      "high_conf_correct_to_wrong": 0,
      "low_margin_count": 407,
      "low_margin_delta_f1": 0.006650251937952878,
      "weak_delta_f1": -0.01688394902751722,
      "meta_fit_split": "train",
      "meta_classifier": "LogisticRegression",
      "meta_input_dim": 10,
      "meta_pca_dim": 8,
      "meta_explained_variance_ratio_sum": 0.9999960660934448,
      "meta_feature_source": "h_collab"
    },
    {
      "candidate": "same_param_global_h_di_control",
      "role": "same_param_control",
      "family": "control",
      "macro_f1": 0.9447117927022739,
      "accuracy": 0.9447154471544715,
      "auc": 0.9845267054468535,
      "nll": 0.16218676595738582,
      "ece": 0.022822897860658237,
      "brier": 0.04450924342416557,
      "high_conf_error_rate": 0.018832391713747645,
      "weak_domain_macro_f1": 0.9048258372491982,
      "changed_count": 12,
      "wrong_to_correct": 7,
      "correct_to_wrong": 5,
      "high_conf_correct_to_wrong": 0,
      "low_margin_count": 407,
      "low_margin_delta_f1": 0.004190655721371117,
      "weak_delta_f1": -0.01688394902751722,
      "meta_fit_split": "train",
      "meta_classifier": "LogisticRegression",
      "meta_input_dim": 10,
      "meta_pca_dim": 8,
      "meta_explained_variance_ratio_sum": 0.9247791171073914,
      "meta_feature_source": "h_di"
    },
    {
      "candidate": "r6c_low_margin_h_di_adapter",
      "role": "primary",
      "family": "r6c_boundary_local_adapter",
      "macro_f1": 0.9447082839735996,
      "accuracy": 0.9447154471544715,
      "auc": 0.9814912744579588,
      "nll": 0.17888663684927059,
      "ece": 0.035084279917170544,
      "brier": 0.04552948122917966,
      "high_conf_error_rate": 0.027472527472527472,
      "weak_domain_macro_f1": 0.9048258372491982,
      "changed_count": 14,
      "wrong_to_correct": 8,
      "correct_to_wrong": 6,
      "high_conf_correct_to_wrong": 0,
      "low_margin_count": 407,
      "low_margin_delta_f1": 0.0040358771136135285,
      "weak_delta_f1": -0.01688394902751722,
      "meta_fit_split": "train",
      "meta_classifier": "LogisticRegression",
      "meta_input_dim": 10,
      "meta_pca_dim": 8,
      "meta_explained_variance_ratio_sum": 0.9247791171073914,
      "meta_feature_source": "h_di"
    },
    {
      "candidate": "random_mask_h_final_control",
      "role": "random_mask_control",
      "family": "control",
      "macro_f1": 0.9430840135487811,
      "accuracy": 0.943089430894309,
      "auc": 0.9832681121099947,
      "nll": 0.16858498651636614,
      "ece": 0.019190233640521234,
      "brier": 0.04560550942610656,
      "high_conf_error_rate": 0.024344569288389514,
      "weak_domain_macro_f1": 0.9133811230585425,
      "changed_count": 13,
      "wrong_to_correct": 7,
      "correct_to_wrong": 6,
      "high_conf_correct_to_wrong": 0,
      "low_margin_count": 407,
      "low_margin_delta_f1": 0.0015774946388534827,
      "weak_delta_f1": -0.008328663218172938,
      "meta_fit_split": "train",
      "meta_classifier": "LogisticRegression",
      "meta_input_dim": 10,
      "meta_pca_dim": 8,
      "meta_explained_variance_ratio_sum": 0.9273444414138794,
      "meta_feature_source": "h_final"
    },
    {
      "candidate": "same_param_global_h_final_control",
      "role": "same_param_control",
      "family": "control",
      "macro_f1": 0.9430840135487811,
      "accuracy": 0.943089430894309,
      "auc": 0.9824854574299312,
      "nll": 0.17157863158193298,
      "ece": 0.02897815387768174,
      "brier": 0.04709499926429871,
      "high_conf_error_rate": 0.023032629558541268,
      "weak_domain_macro_f1": 0.9135618479880775,
      "changed_count": 13,
      "wrong_to_correct": 7,
      "correct_to_wrong": 6,
      "high_conf_correct_to_wrong": 0,
      "low_margin_count": 407,
      "low_margin_delta_f1": 0.0015774946388534827,
      "weak_delta_f1": -0.008147938288637913,
      "meta_fit_split": "train",
      "meta_classifier": "LogisticRegression",
      "meta_input_dim": 10,
      "meta_pca_dim": 8,
      "meta_explained_variance_ratio_sum": 0.9273444414138794,
      "meta_feature_source": "h_final"
    },
    {
      "candidate": "r6c_low_margin_h_final_adapter",
      "role": "primary",
      "family": "r6c_boundary_local_adapter",
      "macro_f1": 0.9430840135487811,
      "accuracy": 0.943089430894309,
      "auc": 0.9803384452670545,
      "nll": 0.18256865814040646,
      "ece": 0.025809510307894235,
      "brier": 0.046556230223568466,
      "high_conf_error_rate": 0.029143897996357013,
      "weak_domain_macro_f1": 0.9135618479880775,
      "changed_count": 13,
      "wrong_to_correct": 7,
      "correct_to_wrong": 6,
      "high_conf_correct_to_wrong": 0,
      "low_margin_count": 407,
      "low_margin_delta_f1": 0.0015774946388534827,